datetime,timestamp,open,high,low,close,volume,MA5,MA10,MA20,MA50,RSI,MACD,MACD_signal,MACD_histogram,BB_middle,BB_upper,BB_lower,price_change,price_change_5d,volume_MA
2025-05-20 07:00:00,1747724400000,105461.4,105740.4,104920.0,105018.3,360.73630352,,,,,,0.0,0.0,0.0,,,,,,
2025-05-20 08:00:00,1747728000000,105014.8,105248.8,104848.0,105225.3,329.46921347,,,,,,4.6442307692195754,2.5801282051219863,2.064102564097589,,,,0.0019710850394645263,,
2025-05-20 09:00:00,1747731600000,105222.6,105410.0,105188.3,105297.2,664.6317754,,,,,,8.147286516410531,4.861750463846799,3.2855360525637325,,,,0.0006832957473155155,,
2025-05-20 10:00:00,1747735200000,105297.3,105434.9,105013.7,105031.4,251.46661158,,,,,,-0.055732126857037656,3.195936578107017,-3.2516687049640547,,,,-0.002524283646668679,,
2025-05-20 11:00:00,1747738800000,105033.6,105354.0,104906.1,105206.0,125.55945791,105155.63999999998,,,,,2.4357793708040845,2.9698069947827275,-0.534027623978643,,,,0.0016623600180518672,,
2025-05-20 12:00:00,1747742400000,105206.1,105211.5,104651.8,104774.0,257.6980519,105106.78,,,,,-14.584841828444041,-1.7884788559054192,-12.796362972538622,,,,-0.004106229682717677,-0.0023262612325661847,
2025-05-20 13:00:00,1747746000000,104774.1,104875.6,104180.0,104448.5,404.13661013,104951.42,,,,,-39.99481170253421,-11.457482447174991,-28.537329255359218,,,,-0.0031066867734361736,-0.007382255028020812,
2025-05-20 14:00:00,1747749600000,104448.5,104997.0,104300.0,104522.5,360.57533545,104796.48000000001,,,,,-52.87048731210234,-21.40980628794613,-31.460681024156212,,,,0.0007084831280488313,-0.0073572706586689796,
2025-05-20 15:00:00,1747753200000,104522.5,105401.7,104480.6,105340.4,285.13872062,104858.28,,,,,-20.403207354451297,-21.177276940545763,0.7740695860944662,,,,0.007825109426200072,0.002941977351534897,
2025-05-20 16:00:00,1747756800000,105341.4,105527.9,105089.6,105213.9,148.68384628,104859.85999999999,105007.75,,,,-3.5908785571082262,-17.236902813630632,13.646024256522406,,,,-0.001200868802472721,7.509077429035393e-05,
2025-05-20 17:00:00,1747760400000,105214.0,106333.3,105214.0,106200.5,460.35925094,105145.15999999999,105125.97,,,,61.17001498694299,-0.08191721098131609,61.251932197924305,,,,0.009377088008333478,0.013615018993261785,
2025-05-20 18:00:00,1747764000000,106200.6,106414.9,105201.3,105280.0,320.87069296,105311.45999999999,105131.43999999999,,,,57.25330194544222,12.231283317570938,45.022018627871276,,,,-0.008667567478495841,0.007960861094223448,
2025-05-20 19:00:00,1747767600000,105279.9,107254.2,105203.6,107017.9,602.96365014,105810.54,105303.50999999998,,,,151.75986332132015,41.76037849350284,109.99948482781731,,,,0.016507408814589564,0.02387428544093373,
2025-05-20 20:00:00,1747771200000,107018.0,107308.7,106413.3,106910.0,415.92139536,106124.46,105491.37,,,65.13820201341207,214.27476886220393,77.85051767433838,136.42425118786554,,,,-0.0010082425463403544,0.014900266184673772,
2025-05-20 21:00:00,1747774800000,106910.1,107232.8,106136.1,106613.1,216.59670018,106404.3,105632.08,,,62.18334606569906,241.0679310909618,111.6844251474149,129.38350594354688,,,,-0.002777102235525186,0.01329862309067531,
2025-05-20 22:00:00,1747778400000,106613.1,106893.0,105939.9,106776.1,230.42477178,106519.42,105832.29000000001,,,61.927395785263855,268.2543517426675,143.9053488410928,124.34900290157469,,,,0.0015288927908483352,0.0054199368176233165,
2025-05-20 23:00:00,1747782000000,106775.2,107218.2,106631.6,106846.1,310.75980159,106832.63999999998,106072.05,,,61.91626532904564,289.99069120470085,173.7954833060056,116.19520789869526,,,,0.0006555774185421637,0.014875569908814557,
2025-05-21 00:00:00,1747785600000,106846.0,107210.0,106460.0,106745.9,272.6122645,106778.24000000002,106294.39000000001,,,63.53517012710192,296.7596283231833,198.83946456816162,97.92016375502166,,,,-0.0009377974488541385,-0.002541630886048085,
2025-05-21 01:00:00,1747789200000,106746.0,107083.3,106413.8,106489.1,124.08569831,106694.06000000001,106409.26000000001,,,59.99968826472567,281.8786559104192,215.69014675994057,66.18850915047861,,,,-0.0024057130063074306,-0.003936956318398632,
2025-05-21 02:00:00,1747792800000,106489.2,106913.9,106183.0,106846.0,326.66501864,106740.63999999998,106572.47,105790.11000000002,,66.33914771472737,290.2719811710558,230.78049349478943,59.49148767626639,105790.11000000002,107597.68812486039,103982.53187513964,0.0033515167280031566,0.0021845345459421406,323.467758533
2025-05-21 03:00:00,1747796400000,106846.0,107095.7,106746.1,106838.0,248.15476043,106753.01999999999,106636.22,105881.095,,69.83613089605028,292.74858480283,243.28948685597433,49.45909794685568,105881.095,107708.18218943282,104054.00781056719,-7.487411788931198e-05,0.0005797177458251035,317.83868137850004
2025-05-21 04:00:00,1747800000000,106839.0,107713.5,106720.0,107286.1,570.05621418,106841.01999999999,106836.83,105984.13499999998,,71.60007503282696,321.234672158942,258.9944057644894,62.24026639445259,105984.13499999998,107886.3942233281,104081.87577667186,0.004194200565341921,0.004118072629698322,329.86803141400003
2025-05-21 05:00:00,1747803600000,107286.2,107726.0,107286.1,107533.2,385.85970064,106998.48000000001,106888.36000000002,106095.93500000001,,68.81779486475362,356.3061651156895,278.5723252733456,77.73383984234391,106095.93500000001,108088.87206059018,104102.99793940985,0.00230318745858038,0.007375458916923261,315.92942767600005
2025-05-21 06:00:00,1747807200000,107533.2,107997.3,107299.3,107758.1,423.47680516,107252.28,106973.17,106232.26999999999,,71.47076694571983,394.8010373421421,301.9283634590055,92.8726738831366,106232.26999999999,108290.57048351088,104173.9695164891,0.002091447106568056,0.011916712602510593,324.529937355
2025-05-21 07:00:00,1747810800000,107758.1,107873.8,106444.1,106509.9,547.47810541,107185.06000000001,106962.85,106297.465,,52.500646579593905,333.336975418817,308.2339075229228,25.10306789589424,106297.465,108300.76200483454,104294.16799516545,-0.011583351970756883,-0.003145648877824203,345.62586973
2025-05-21 08:00:00,1747814400000,106506.1,106796.0,106344.8,106386.0,254.16507545,107094.66,106923.84,106378.06499999999,,60.26012096923821,272.884041452402,301.1425018502811,-28.258460397879105,106378.06499999999,108248.59323192305,104507.53676807693,-0.0011632721465327789,-0.0042307044310077035,345.44922090750003
2025-05-21 09:00:00,1747818000000,106386.9,106532.5,106086.1,106200.1,173.03900008,106877.46,106859.24000000002,106465.64499999999,,39.34545833550484,209.4170006855129,282.7529383811489,-73.335937695636,106465.64499999999,108105.58759780804,104825.70240219194,-0.0017474103735453106,-0.010122466936536956,333.894340405
2025-05-21 10:00:00,1747821600000,106200.1,106451.6,106138.0,106336.1,169.03327343,106638.04,106818.26000000001,106556.325,,42.5774075894359,167.21362435120682,259.6002918436539,-92.38666749244709,106556.325,107921.39433369321,105191.25566630678,0.001280601430695416,-0.011132375861594324,324.31723730400006
2025-05-21 11:00:00,1747825200000,106336.1,106712.5,106255.6,106528.5,206.10875083,106392.12000000002,106822.2,106615.73000000001,,48.87541872706962,146.21004171785899,236.88709484851938,-90.6770531306604,106615.73000000001,107855.6739208033,105375.78607919673,0.0018093573113928674,-0.011410743136710866,320.3657388145
2025-05-21 12:00:00,1747828800000,106528.1,106879.7,106396.1,106570.1,123.60133364,106404.16,106794.61000000002,106683.54,,47.17032967032967,131.13778300191916,215.71101776550333,-84.57323476358417,106683.54,107734.6477092388,105632.4322907612,0.0003905058270792239,0.0005652056757166068,319.11161318250004
2025-05-21 13:00:00,1747832400000,106570.2,107653.0,106319.7,107259.9,451.14320693,106578.93999999999,106836.8,106736.51000000001,,54.8570355415746,168.29659869395255,206.2187332479383,-37.92213455398576,106736.51000000001,107791.88990346216,105681.13009653786,0.00647273484776667,0.008214426710281275,318.650810982
2025-05-21 14:00:00,1747836000000,107260.0,109000.0,107000.0,109000.0,1027.48095208,107138.92000000001,107008.18999999999,106922.51000000001,,69.10351373798679,323.4728445675137,229.68814989941916,93.78469466809452,106922.51000000001,108187.48119734226,105657.53880265776,0.016223211097530443,0.026364381954442573,353.981323938
2025-05-21 15:00:00,1747839600000,108999.9,109458.0,108318.4,108972.0,1132.99440096,107666.1,107152.06999999999,107020.21500000001,,71.89158687333577,438.9506478810945,271.5671934931285,167.38345438796597,107020.21500000001,108583.01325182107,105457.41674817895,-0.0002568807339449197,0.024788383248962376,380.482861479
2025-05-21 16:00:00,1747843200000,108973.9,109860.0,108698.8,109130.9,973.72452686,108186.58,107289.35,107131.26000000001,,70.8746733907069,536.0040576321626,324.48139700967465,211.52266062248793,107131.26000000001,108954.92497777365,105307.59502222636,0.0014581727416216328,0.02442914337477764,408.373018054
2025-05-21 17:00:00,1747846800000,109131.0,109349.9,106115.5,106590.0,2216.35241252,108190.56000000001,107297.36000000002,107130.10500000001,,48.45112293587149,415.55464847366966,342.7034390408795,72.85120943279014,107130.10500000001,108955.18046719243,105305.02953280759,-0.023283048155930075,0.00018673155040671574,508.36080367100004
2025-05-21 18:00:00,1747850400000,106593.7,107424.2,106328.1,106960.0,527.37519066,108130.58,107354.76000000001,107139.3,,47.94328746042354,344.37605912379513,343.0380716519536,1.3379874718415294,107139.3,108958.71010683199,105319.88989316802,0.003471244957313102,-0.002796012302827,523.2083246149999
2025-05-21 19:00:00,1747854000000,106960.1,108854.0,106612.4,108618.1,694.95400589,108054.2,107596.56000000001,107227.9,,55.808624326726466,409.9649072119064,356.42691470633076,53.53799250557563,107227.9,109156.49842208908,105299.30157791091,0.01550205684367989,-0.003503669724770564,542.41803483
2025-05-21 20:00:00,1747857600000,108612.8,108750.0,107719.3,108240.0,254.96595086,107907.8,107786.95,107302.60500000001,,52.53848017783581,427.90098359850526,370.7246980181806,57.176285580324645,107302.60500000001,109267.98923025288,105337.22076974715,-0.003481003626467416,-0.006717321880850169,541.535719148
2025-05-21 21:00:00,1747861200000,108240.1,108550.0,107937.1,108420.0,127.9366403,107765.62,107976.1,107399.15,,61.33765447487452,450.7254633749253,386.7275100127439,63.99795336218142,107399.15,109385.86135455458,105412.4386454454,0.001662971175166339,-0.006514195337892326,541.7282662475
2025-05-21 22:00:00,1747864800000,108420.1,109038.0,108280.8,108742.6,289.16483024,108196.13999999998,108193.35,107493.98000000001,,63.66556875115981,488.0602699404408,406.99675624323754,81.06351369720323,107493.98000000001,109549.39046903311,105438.56953096691,0.0029754657812213203,0.020195140257059707,539.8532568275001
2025-05-21 23:00:00,1747868400000,108742.7,110804.2,108660.7,109642.8,1563.17654216,108732.7,108431.64000000001,107634.22,,68.43638544667814,580.6759245405265,441.7362840429282,138.93964049759825,107634.22,109875.51452312025,105392.92547687975,0.008278264452017847,0.025082273747195183,605.604345914
2025-05-22 00:00:00,1747872000000,109646.0,110165.2,109179.5,109962.0,773.44318622,109001.48000000001,108527.84000000001,107768.01499999998,,69.04379247681172,671.0597295250336,487.60487520754145,183.45485431749216,107768.01499999998,110230.3846573787,105305.64534262127,0.0029112718755814893,0.01237270767947507,615.773694516
2025-05-22 01:00:00,1747875600000,109962.0,110552.9,109663.9,109910.1,461.38581719,109335.5,108621.65,107886.86000000002,,68.02673945028471,730.1332578498841,536.1138530859719,194.01940476391223,107886.86000000002,110524.69854691288,105249.02145308715,-0.000471981229879348,0.015429600886917916,619.5500003435
2025-05-22 02:00:00,1747879200000,109910.1,110972.0,109815.0,110469.7,479.32384982,109745.43999999999,108755.53,108022.43999999999,,69.70012326469578,811.2676277137653,591.1476043339521,220.12002337981312,108022.43999999999,110900.24097142911,105144.63902857086,0.005091433817274282,0.018905183545471216,622.3423525764999
2025-05-22 03:00:00,1747882800000,110469.8,111880.0,110327.3,111773.9,1177.7811492,110351.7,109273.92,108285.63999999998,,71.47110865884056,966.533150057483,666.2279836903955,300.3051663670875,108285.63999999998,111521.57141648752,105049.70858351245,0.01180595222038261,0.027875919832705653,653.8575047659999
2025-05-22 04:00:00,1747886400000,111774.0,111791.5,111221.1,111467.1,483.56908577,110716.56000000001,109724.63,108539.69499999999,,63.587597070000626,1053.2391329308157,743.6329107065335,309.6062222242822,108539.69499999999,111941.26195685982,105138.12804314017,-0.0027448268334556714,0.016638575446814574,665.3277052820001
2025-05-22 05:00:00,1747890000000,111467.0,111656.5,110820.5,110868.0,359.83644903,110897.76000000001,109949.62,108773.09,,59.82424141933347,1062.4865546766669,807.4054172185831,255.08113745808373,108773.09,112139.12653412335,105407.05346587664,-0.00537468006254771,0.00823920990887772,674.6675777295001
2025-05-22 06:00:00,1747893600000,110870.0,111178.0,110457.3,110600.0,451.42429985,111035.73999999999,110185.62,108986.285,,57.527129638169065,1036.6889199978323,853.2631404358339,183.4257795619984,108986.285,112240.694057377,105731.87594262301,-0.0024172890283941095,0.006276948160360174,688.7871290505
2025-05-22 07:00:00,1747897200000,110600.0,111132.0,110458.1,111038.3,956.84921066,111149.46,110447.45,109211.775,,79.0506916053866,1038.8470334519807,890.380581236335,148.46645221564563,109211.775,112372.7622088022,106050.78779119778,0.003962929475587629,0.005147112737700965,726.3241520419999
2025-05-22 08:00:00,1747900800000,111038.4,111157.5,110375.1,110400.0,362.17924293,110874.68000000001,110613.18999999999,109403.26999999999,107436.274,71.70511332088236,978.7490145271586,908.0545201453849,70.69449438177367,109403.26999999999,112346.99716777836,106459.54283222162,-0.005748466970405763,-0.012291778313183954,738.2530475065
2025-05-22 09:00:00,1747904400000,110400.1,110833.2,110262.1,110811.0,323.89727133,110743.46,110730.01000000001,109580.825,107552.12800000001,66.42055920806312,952.67672480084,916.9790629767414,35.697661824098645,109580.825,112406.2143636659,106755.43563633409,0.003722826086956621,-0.0058860417109622976,731.8907507265
2025-05-22 10:00:00,1747908000000,110811.1,110956.0,110595.6,110792.3,138.90416416,110728.31999999999,110813.04000000001,109670.44000000002,107663.46800000001,70.19895851469643,919.9023958160979,917.563734885231,2.3386609308668085,109670.44000000002,112531.72848590625,106809.15151409378,-0.0001687558094413122,-0.0006827939531695026,687.4619113305
2025-05-22 11:00:00,1747911600000,110790.1,111333.0,110500.0,110983.7,208.31431853,110805.06000000001,110920.4,109771.025,107777.198,70.25263457254363,898.7495762761537,913.800875666291,-15.051299390137274,109771.025,112670.12114217597,106871.92885782402,0.0017275568789527629,0.003469258589511748,641.227907209
2025-05-22 12:00:00,1747915200000,110982.1,111600.0,110800.0,111599.9,321.88394043,110917.38,111033.42,109894.475,107908.56799999998,71.5713660179076,920.3547307249974,915.111654340853,5.243076384144388,109894.475,112887.54869904174,106901.40130095827,0.0055521666695199645,0.005057714320193973,608.6358778875
2025-05-22 13:00:00,1747918800000,111600.0,111616.0,110905.0,110920.6,361.76795453,111021.5,110948.09,110111.005,108022.86,59.97969384567332,873.3083043663355,906.7509452445413,-33.44264087820579,110111.005,112696.32798580817,107525.68201419184,-0.006086923016956014,0.004715579710145024,515.906654988
2025-05-22 14:00:00,1747922400000,110920.6,111398.1,110550.0,110900.0,490.12394221,111039.3,110891.38,110308.005,108145.38,57.68424157027235,824.8604981386743,890.3727945454309,-65.5122964067566,110308.005,112443.7164712237,108172.29352877631,-0.00018571843282499945,0.0008031693604424461,514.0440925655
2025-05-22 15:00:00,1747926000000,110900.0,111533.3,110783.4,111317.8,403.1819156,111144.4,110936.36000000002,110442.98999999999,108282.766,60.87984789699043,810.435372335065,874.38526225019,-63.94988991512491,110442.98999999999,112467.34120720343,108418.63879279656,0.003767357980162256,0.0047431094038123955,499.4554880510001
2025-05-22 16:00:00,1747929600000,111318.0,111800.0,111083.7,111259.9,764.17899658,111199.63999999998,111002.35,110593.98499999999,108417.51400000001,56.62075206113009,785.314430266415,856.5710531968788,-71.25662293046378,110593.98499999999,112360.55627348898,108827.41372651099,-0.0005201324496173498,0.0024886537392427854,524.9161403370001
2025-05-22 17:00:00,1747933200000,111260.0,111963.0,111162.0,111503.3,364.27269159,111180.31999999999,111048.85,110748.15,108540.77200000001,47.24260210320381,775.8960302245978,840.4360176938353,-64.53998746923753,110748.15,112231.317510148,109264.98248985199,0.002187670490446214,-0.0008655921734695982,536.7329429015001
2025-05-22 18:00:00,1747936800000,111503.7,111962.6,111366.8,111723.3,164.17852842,111340.86000000002,111181.18000000001,110897.18500000001,108670.96,52.65767634854768,777.0515807412885,827.7591108760228,-50.70753013473427,110897.18500000001,112105.35377049558,109689.01622950444,0.001973035775622689,0.007236708059638941,530.4836278105
2025-05-22 19:00:00,1747940400000,111723.2,111929.8,110916.4,111200.0,334.32386235,111400.86000000002,111220.08,110975.045,108770.95,53.49900931663927,727.6994268535636,807.7471495369379,-80.04772268337422,110975.045,112034.38069546437,109915.70930453563,-0.004683893153890062,0.0027051397655546428,469.04099382000004
2025-05-22 20:00:00,1747944000000,111203.5,111447.9,110819.3,111073.0,155.03419398,111351.9,111248.15,111030.595,108886.81,55.137730274591576,670.6828150303772,780.3342557491377,-109.65144071876045,111030.595,111976.72634834259,110084.46365165741,-0.0011420863309352658,-0.0021991092170344784,438.12054420800007
2025-05-22 21:00:00,1747947600000,111073.0,111100.0,110756.0,110840.0,88.38377616,111267.92,111233.78,111077.09,108963.252,47.745514904840924,599.9127094185969,744.2499181698972,-144.3372087513003,111077.09,111870.43245847667,110283.74754152332,-0.002097719517794583,-0.003774046174767287,419.4704421564999
2025-05-22 22:00:00,1747951200000,110844.0,111255.1,110844.0,111020.4,94.54496634,111171.34,111175.83,111104.625,109045.46,57.87309644670043,551.9210330791539,705.7841170063738,-153.86308392721992,111104.625,111845.71109308851,110363.53890691149,0.0016275712739082238,-0.0043308135274920945,400.2314979825
2025-05-22 23:00:00,1747954800000,111020.5,111728.0,111020.5,111701.9,141.43895305,111167.05999999998,111253.95999999999,111101.025,109147.23599999999,60.579503621897565,562.053043671709,677.0378879040004,-114.98484423229138,111101.025,111829.00562980355,110373.04437019644,0.006138511480772824,-0.00019154464646142788,348.414388175
2025-05-23 00:00:00,1747958400000,111702.0,111800.0,111383.3,111611.9,234.01664544,111249.43999999999,111325.15,111108.26500000001,109243.952,59.57074127703291,556.4415157276235,652.9186037791762,-96.47708805155276,111108.26500000001,111854.232975255,110362.29702474503,-0.0008057159278400672,0.003704136690647397,335.9367661585
2025-05-23 01:00:00,1747962000000,111612.0,111739.3,111210.9,111337.8,163.07815915,111302.4,111327.15,111131.755,109333.786,54.05659296597555,523.9502357838501,627.1249218903413,-103.17468610649121,111131.755,111875.4509607264,110388.0590392736,-0.0024558313226455963,0.0023840177180773914,326.0988516645
2025-05-23 02:00:00,1747965600000,111337.8,111624.0,111184.7,111274.3,206.79181304,111389.25999999998,111328.59,111165.47,109424.354,45.72905189149495,487.4797078188567,599.1958718952039,-111.71616407634724,111165.47,111867.64244275833,110463.29755724168,-0.0005703363996774069,0.00391826055575617,313.867227324
2025-05-23 03:00:00,1747969200000,111274.3,111382.0,111016.0,111111.0,153.66743849,111407.38,111289.35999999999,111169.10499999998,109516.79199999999,52.88852478912545,440.3813097807724,567.4329529390642,-127.05164315829177,111169.10499999998,111869.2553101032,110468.95468989677,-0.0014675446172207618,0.0008160662364755655,273.7081387155
2025-05-23 04:00:00,1747972800000,111111.1,111191.4,110536.8,110851.9,419.05634398,111237.37999999998,111202.22,111191.7,109596.91,49.31952579011394,377.8798679708998,529.522329707221,-151.64246173632125,111191.7,111811.95215585509,110571.4478441449,-0.0023319023319023913,-0.007609539318489622,276.551993768
2025-05-23 05:00:00,1747976400000,110851.8,110963.9,110650.1,110860.0,129.74793678,111087.0,111168.22,111194.15,109677.35,42.67426230557512,325.2486519820668,488.66758878405716,-163.41893680199036,111194.15,111808.42884119316,110579.87115880683,7.307046609028589e-05,-0.006736736853328318,266.8445270405
2025-05-23 06:00:00,1747980000000,110860.0,110860.0,110406.1,110523.9,345.72010287,110924.22,111113.31000000001,111180.73000000001,109742.106,39.18537674856007,253.5929886510421,441.65266380620466,-188.05967515516255,111180.73000000001,111841.91037382974,110519.54962617028,-0.0030317517589752985,-0.0073101857590145425,277.185323976
2025-05-23 07:00:00,1747983600000,110524.0,110872.0,110522.2,110721.9,383.45976757,110813.73999999999,111101.5,111167.63999999998,109805.88,38.36301900279969,210.30509650950262,395.3831464486651,-185.0780499391625,111167.63999999998,111855.08909828844,110480.19090171152,0.0017914677277945934,-0.004964308919490068,285.942596428
2025-05-23 08:00:00,1747987200000,110722.0,111022.7,110705.8,110930.0,159.08678245,110777.54,111092.46,111134.14499999999,109869.31800000001,38.143775220445384,190.54234954089043,354.4149843058615,-163.87263476497105,111134.14499999999,111797.78258491064,110470.50741508933,0.0018794836432540762,-0.0016290016290015918,277.802738529
2025-05-23 09:00:00,1747990800000,110930.1,111378.0,110900.0,111315.8,181.34980031,110870.31999999999,111053.85,111153.90499999998,109965.436,51.8048628428928,203.57391002285294,324.24676782259274,-120.6728577997398,111153.90499999998,111814.29697762089,110493.51302237908,0.0034778689263499363,0.004184862866581485,268.781830818
2025-05-23 10:00:00,1747994400000,111315.7,111320.0,110813.4,111061.1,209.87632269,110910.54,110998.76999999999,111161.95999999999,110058.93800000001,49.82162664508208,191.19899962654745,297.6372130355563,-106.43821340900882,111161.95999999999,111813.178418853,110510.74158114698,-0.0022880848900156403,0.0018139996391846047,254.769449842
2025-05-23 11:00:00,1747998000000,111061.2,111099.0,108856.1,109085.3,900.02290194,110622.81999999999,110773.51999999999,111050.335,110116.642,32.72422959535304,22.101322158210678,242.53003295840824,-220.42871080019756,111050.335,112179.23139872462,109921.4386012754,-0.017790207372338274,-0.01301618925861281,279.611499159
2025-05-23 12:00:00,1748001600000,109083.7,109109.5,107313.9,108429.0,1598.72383704,110164.23999999999,110488.98999999999,110908.79000000001,110158.5,26.67254788996125,-162.86473982429015,161.45107616352303,-324.31581598781315,110908.79000000001,112529.71979022624,109287.86020977377,-0.006016392676190141,-0.020708640296093095,321.33874118200004
2025-05-23 13:00:00,1748005200000,108429.1,109724.1,107961.1,109650.0,879.93449456,109908.23999999999,110342.88999999998,110816.125,110220.93,33.16431185283655,-208.72583844288602,87.41569160712622,-296.14153005001225,110816.125,112504.44946728785,109127.80053271215,0.011260825056027546,-0.011538808257459676,347.12183133049996
2025-05-23 14:00:00,1748008800000,109648.6,109999.9,109516.6,109670.6,539.88193472,109579.2,110224.76000000001,110713.48999999999,110282.94,33.88828948460471,-240.63649608990818,21.805252908483247,-262.4417489983914,110713.48999999999,112419.09499147606,109007.88500852392,0.00018787049703616887,-0.014779573070489493,365.90700164550003
2025-05-23 15:00:00,1748012400000,109670.6,109866.0,108910.7,108940.6,346.73689902,109155.1,110032.82000000002,110600.51999999999,110316.554,31.504228134065926,-321.0214891677024,-46.76009647590975,-274.26139269179265,110600.51999999999,112462.57163544228,108738.4683645577,-0.006656296217947166,-0.019093093801520022,366.52765347900004
2025-05-23 16:00:00,1748016000000,108942.4,109215.3,108004.9,109077.4,1448.90431514,109153.51999999999,109888.17,110500.73999999999,110318.102,33.23923890321498,-369.446018690709,-111.29728164864453,-258.1487370420645,110500.73999999999,112467.13711189902,108534.34288810096,0.0012557301869091653,-7.242039028176883e-05,431.22115953700006
2025-05-23 17:00:00,1748019600000,109079.5,109812.2,109019.7,109415.8,337.71898585,109350.88,109757.56000000001,110429.53,110326.97799999999,37.40340030911909,-376.22072087888955,-164.2819699740066,-211.93875090488294,110429.53,112446.69261286428,108412.36738713572,0.0031023841785742245,0.009100886294257204,443.68792002149996
2025-05-23 18:00:00,1748023200000,109415.8,109507.2,108656.5,108801.3,278.48128115,109181.13999999998,109544.68999999999,110318.575,110320.38600000001,35.52694729115508,-426.1890317448997,-216.66338270726982,-209.52564903762988,110318.575,112440.30587819219,108196.84412180781,-0.005616190714686553,-0.007740082079343291,452.88473576200005
2025-05-23 19:00:00,1748026800000,108801.4,109162.3,108575.8,108714.5,242.24394339,108989.92000000001,109284.56000000001,110169.205,110362.87600000002,35.0235239916794,-467.39433562582417,-266.8095735813073,-200.58476204451688,110169.205,112301.48891165324,108036.92108834676,-0.0007977845852945586,-0.008717924402711463,457.92498527900005
2025-05-23 20:00:00,1748030400000,108714.5,108730.1,108198.8,108250.7,138.71286309,108851.93999999999,109003.51999999999,110001.14499999999,110388.69,34.41006227196671,-531.3020635301073,-319.70807181607637,-211.5939917140309,110001.14499999999,112183.89671717776,107818.39328282222,-0.004266220237410856,-0.006332808888513619,453.15979616149997
2025-05-23 21:00:00,1748034000000,108250.8,108678.1,108060.9,108296.0,183.46917695,108695.65999999999,108924.59,109849.05500000001,110382.24799999999,33.006906793314656,-571.7060899098287,-370.10767562157486,-201.59841428825388,109849.05500000001,112063.32306485868,107634.78693514134,0.0004184730445160323,-0.0071637204407145605,454.17934705150003
2025-05-23 22:00:00,1748037600000,108295.9,108591.9,107650.0,107800.0,265.99734388,108372.5,108861.68999999999,109675.34,110373.44799999999,28.924829647984097,-636.3698080917966,-423.3601022734742,-213.0097058183224,109675.34,111962.73956273038,107387.94043726962,-0.004580039890670018,-0.014767519864590017,457.13962359350006
2025-05-23 23:00:00,1748041200000,107800.1,107909.3,106800.0,107324.0,585.02430528,108077.04,108629.09,109485.98999999999,110351.52799999999,23.44465141032468,-717.7124987207499,-482.23058170253614,-235.48191701821372,109485.98999999999,111896.64819000801,107075.33180999197,-0.004415584415584428,-0.013577962763312579,478.707466933
2025-05-24 00:00:00,1748044800000,107324.1,107696.4,106880.0,107370.2,224.93789471,107808.18000000001,108399.05,109311.905,110324.08,24.74580910023947,-769.579386268073,-539.7003427246715,-229.8790435434015,109311.905,111808.56768908168,106815.24231091831,0.0004304722149752749,-0.012365415836893878,469.0015444695
2025-05-24 01:00:00,1748048400000,107370.1,107876.6,107358.2,107481.9,117.96703725,107654.42,108253.18000000001,109143.0,110280.86200000001,35.27207260168271,-792.5410306680278,-590.2684803900905,-202.27255027793728,109143.0,111655.70598359616,106630.29401640384,0.0010403259004825305,-0.007102032596555952,468.412499493
2025-05-24 02:00:00,1748052000000,107481.9,107905.3,107250.1,107796.6,107.41747656,107554.54,108125.1,109006.63499999998,110237.554,43.802187463248345,-776.4131334105623,-627.4974110393871,-148.9157223711752,109006.63499999998,111499.74271382557,106513.52728617439,0.0029279348429829266,-0.004611435325404423,456.4973681775
2025-05-24 03:00:00,1748055600000,107796.6,108371.9,107752.2,108370.0,171.18174553,107668.54,108020.51999999999,108889.04,110206.752,35.63153877239462,-709.2201738377917,-643.841963614944,-65.37821022284766,108889.04,111260.3879297204,106517.69207027959,0.005319277231378372,0.005287569573283912,445.8834670755001
2025-05-24 04:00:00,1748059200000,108370.0,108581.8,108304.3,108497.9,190.72760222,107903.31999999999,107990.18000000001,108767.43500000001,110167.31599999999,37.14567576455101,-638.2974045401643,-642.7330517991263,4.435647258962035,108767.43500000001,110939.13574149992,106595.7342585001,0.001180215926916972,0.01093790764414293,447.465508064
2025-05-24 05:00:00,1748062800000,108497.9,108533.9,108125.4,108240.0,141.76616472,108077.28,107942.73000000001,108613.64499999999,110096.638,41.43395119088367,-596.017260485547,-633.3898935306022,37.37263304505518,108613.64499999999,110432.4558173661,106794.83418263387,-0.002377004531884941,0.008100944209845862,445.48632628449997
2025-05-24 06:00:00,1748066400000,108240.0,108344.0,107672.1,107963.3,430.61000975,108173.56000000001,107913.99000000002,108458.755,110026.56199999999,36.82878963421854,-578.1594412507839,-622.3438030691451,44.18436181836125,108458.755,109885.30329272381,107032.2067072762,-0.002556356245380642,0.004478893655583072,456.5230106375
2025-05-24 07:00:00,1748070000000,107963.3,108245.2,107567.7,107600.8,323.43957062,108134.4,107844.47,108384.53,109961.218,28.66412752151217,-586.4810864923347,-615.1712597509294,28.690173258594655,108384.53,109828.19356206026,106940.86643793974,-0.0033576224513329755,-0.0018163838191557202,427.6938440715001
2025-05-24 08:00:00,1748073600000,107600.8,108288.9,107600.8,108246.6,182.23632421,108109.72000000002,107889.13,108375.41,109914.15,43.52696804910499,-534.8253334325564,-599.1020744821402,64.27674104958385,108375.41,109820.19480626719,106930.62519373282,0.006001814112906345,-0.001138691519793289,356.86946843
2025-05-24 09:00:00,1748077200000,108246.9,108442.0,108152.0,108158.0,114.60837168,108041.73999999999,107972.53,108300.81000000001,109856.54400000001,43.508690073486534,-495.3237986031454,-578.3464193010562,83.02262069791084,108300.81000000001,109616.82864792399,106984.79135207603,-0.0008185014587064332,-0.0031327795284517013,318.60316228600004
2025-05-24 10:00:00,1748080800000,108158.1,109250.2,108157.8,109087.7,314.47578811,108211.28,108144.28,108271.665,109830.298,58.806076929551395,-384.59758007034543,-539.5966514470206,154.99907137667515,108271.665,109481.48723535414,107061.84276464584,0.008595758057656333,0.00783167036215815,307.3328549555
2025-05-24 11:00:00,1748084400000,109090.0,109488.6,109090.0,109196.0,267.98586775,108457.81999999999,108315.69000000002,108284.43499999998,109797.99799999999,59.34501806703494,-284.82761589984875,-488.6428443292827,203.81522842943394,108284.43499999998,109528.88300238136,107039.9869976186,0.000992779204255001,0.011417768815884521,303.3953033920001
2025-05-24 12:00:00,1748088000000,109196.0,109279.9,108633.0,108787.8,312.68733281,108695.22,108414.81000000001,108269.955,109757.90800000001,60.447161350368106,-235.9657206432894,-438.1074195854957,202.1416989422063,108269.955,109481.86787419145,107058.04212580856,-0.003738232169676503,0.011031516494301119,246.5844542755
2025-05-24 13:00:00,1748091600000,108786.6,108900.7,108540.0,108596.1,128.34979804,108765.12,108437.42,108228.97,109710.156,64.31481106384905,-210.28174416579714,-392.5422844968037,182.26054033100655,108228.97,109327.89725318324,107130.04274681676,-0.001762146123002739,0.00322873882412944,236.11599488500002
2025-05-24 14:00:00,1748095200000,108596.1,109030.0,108586.0,108960.1,169.40578023,108925.54,108483.64000000001,108236.91,109657.36,66.69677175442662,-158.73453167823027,-345.78073392918736,187.0462022509571,108236.91,109355.36982804336,107118.45017195665,0.0033518699106136474,0.007416002514839537,230.662219839
2025-05-24 15:00:00,1748098800000,108960.1,109222.0,108821.4,108939.3,115.88198932,108895.86000000002,108553.57000000002,108248.15,109617.734,65.6031861590511,-118.19844776963873,-300.26427669423947,182.06582892460074,108248.15,109391.0693082902,107105.23069170979,-0.00019089556635876193,-0.0013603733509827132,224.34412213550004
2025-05-24 16:00:00,1748102400000,108939.3,109101.9,108680.0,109005.1,174.68589909,108857.68000000001,108657.75,108285.87,109579.836,63.6667948340986,-79.8448623486911,-256.18039382277567,176.33553147408458,108285.87,109477.88443138538,107093.85556861461,0.000604006084122144,-0.001748232535990324,226.1427739355
2025-05-24 17:00:00,1748106000000,109005.2,109221.9,108870.8,108907.5,357.53549983,108881.62,108788.42,108316.44499999999,109531.63,56.81155747053605,-56.66974114945333,-216.27826328640663,159.6085221369533,108316.44499999999,109540.49281894011,107092.39718105987,-0.0008953709505336027,0.0011003072035651318,234.84609007950002
2025-05-24 18:00:00,1748109600000,108907.5,109077.0,108762.3,108818.1,67.79085306,108926.02000000002,108845.56999999999,108367.35,109482.79399999998,54.09777322754045,-44.99681323392724,-182.02197327474002,137.02516004081278,108367.35,109585.63248128668,107149.06751871333,-0.0008208801046759584,0.002044272308121542,224.9357655385
2025-05-24 19:00:00,1748113200000,108818.0,109019.0,108776.4,108944.4,236.5964645,108922.88,108924.21,108448.37,109431.616,59.32881284102341,-25.265494376668357,-150.67067749426855,125.40518311760019,108448.37,109587.44909637084,107309.29090362915,0.0011606525017435754,-0.0001440894419151295,207.5143734995
2025-05-24 20:00:00,1748116800000,108944.3,109120.5,108844.8,108844.9,96.15764327,108904.0,108899.93000000001,108522.10500000001,109374.04800000001,62.250569729308985,-17.45435810701747,-124.02741361623558,106.57305550921811,108522.10500000001,109553.11667786517,107491.09332213485,-0.0009133099085405494,-0.0008665376039684869,201.0753609275
2025-05-24 21:00:00,1748120400000,108844.8,108859.5,108561.9,108816.3,140.36840085,108866.23999999999,108861.96,108588.825,109326.37400000001,68.61808044603751,-13.416688920318848,-101.90526867666513,88.48857975634628,108588.825,109502.42657358818,107675.22342641182,-0.0002627592105830523,-0.001732029051851769,202.19542910750002
2025-05-24 22:00:00,1748124000000,108817.4,108817.5,107979.2,108105.9,241.36386,108705.92,108793.76999999999,108604.29,109267.03199999999,47.886689296764516,-66.76096379608498,-94.8764077004507,28.11544390436572,108604.29,109470.67814663592,107737.90185336406,-0.0065284336997307735,-0.007360374629846511,208.89274827949998
2025-05-24 23:00:00,1748127600000,108102.1,108411.5,107500.0,107767.2,422.79912608,108495.73999999999,108710.88,108574.15,109205.576,44.54037440625867,-134.80860812756873,-102.86284778596374,-31.945760341604995,108574.15,109513.70694709886,107634.59305290112,-0.003133038992321424,-0.009657400744912947,221.47361730699998
2025-05-25 00:00:00,1748131200000,107767.3,108130.0,107270.7,107435.9,432.40161651,108194.04,108558.45999999999,108521.05,109133.886,22.290813930081057,-213.01056471945776,-124.89239117285992,-88.11817354659784,108521.05,109589.89603489717,107452.20396510283,-0.0030742192429608073,-0.013846512532998512,233.55731802149998
2025-05-25 01:00:00,1748134800000,107436.0,108015.0,107192.4,107652.0,222.8318776,107955.46,108429.73000000001,108491.65,109052.888,25.003237922548834,-254.61582182945858,-150.8370773043656,-103.77874452509297,108491.65,109623.5345831061,107359.76541689389,0.0020114319329014307,-0.010959631549112503,237.6106036655
2025-05-25 02:00:00,1748138400000,107652.1,107998.0,107469.7,107924.3,112.83619865,107777.05999999998,108321.65,108489.7,108979.136,35.376799322607965,-262.5915571005171,-173.18797326372407,-89.40358383679302,108489.7,109625.54460760755,107353.85539239245,0.0025294467357783734,-0.008197301323423,221.7219131105
2025-05-25 03:00:00,1748142000000,107925.1,108258.0,107910.0,108091.3,96.63524524,107774.13999999998,108240.03,108514.225,108914.20599999999,41.379192567798306,-252.52737387160596,-189.05585338537324,-63.47152048623272,108514.225,109588.78527310056,107439.66472689946,0.0015473808956834034,-0.00013505275845249187,210.38169684150003
2025-05-25 04:00:00,1748145600000,108091.3,108282.4,107928.1,108250.1,93.19800694,107870.72,108183.23000000001,108514.4,108853.72200000001,36.96099316829504,-229.09801852123928,-197.06428641257585,-32.03373210866343,108514.4,109588.77788314404,107440.02211685595,0.0014691284127399395,0.004480955244267282,205.929780978
2025-05-25 05:00:00,1748149200000,108250.0,108299.1,107968.0,108106.0,91.16872788,108004.74000000002,108099.39000000001,108511.8,108793.62200000002,35.35964018412453,-219.6248964307888,-201.5764084162317,-18.04848801455711,108511.8,109590.05410734187,107433.54589265813,-0.0013311765993749836,0.006237207488372087,204.757798788
2025-05-25 06:00:00,1748152800000,108106.0,108140.0,107681.8,107939.7,88.13307995,108062.28,108008.87,108454.4,108735.37799999998,31.92030953027414,-222.964954026349,-205.85411753826517,-17.110836488083834,108454.4,109525.77334590483,107383.02665409516,-0.0015383049969475149,0.0026725002786756047,193.44066338
2025-05-25 07:00:00,1748156400000,107939.7,107939.7,107440.1,107682.1,146.03606212,108013.84,107895.45,108378.705,108671.82,30.276203966005724,-243.58842397294939,-213.40097882521619,-30.1874451477332,108378.705,109443.36467772238,107314.04532227763,-0.0023865176575439406,-0.0022441655864341437,187.34317309850002
2025-05-25 08:00:00,1748160000000,107682.0,107698.0,106900.0,107120.0,250.25892283,107819.58,107796.86000000002,108295.31500000002,108603.74200000001,26.27755581011982,-301.8068295438861,-231.08214896897672,-70.7246805749094,108295.31500000002,109479.60051016147,107111.02948983856,-0.005219994780933934,-0.008985922086236386,184.2217525995
2025-05-25 09:00:00,1748163600000,107120.2,107278.1,106703.2,107126.9,705.62754956,107594.93999999999,107732.83,108221.85500000001,108531.84199999999,23.733271670954224,-343.4296755349933,-253.55165428220704,-89.87802125278625,108221.85500000001,109505.66695290449,106938.04304709553,6.441374159815716e-05,-0.010375971939056039,213.08564017549998
2025-05-25 10:00:00,1748167200000,107126.8,107384.0,106827.8,106943.9,163.89519112,107362.51999999999,107683.63,108121.045,108452.12,23.17396703544827,-386.7236868965847,-280.1860608051082,-106.53762609147651,108121.045,109475.47108156382,106766.61891843617,-0.0017082544160244018,-0.010749634617875148,212.81011072
2025-05-25 11:00:00,1748170800000,106943.9,107288.4,106826.1,107250.0,104.69147766,107224.58,107643.43000000001,108036.58,108370.804,29.502447195540185,-391.819588796061,-302.51276640331594,-89.30682239274506,108036.58,109386.84110317081,106686.3188968292,0.0028622483376798957,-0.006389678681708366,212.250585137
2025-05-25 12:00:00,1748174400000,107249.8,107615.7,107177.9,107550.0,298.90233135,107198.16,107606.0,107963.825,108300.582,41.84969064305206,-367.41662145873124,-315.49353741440694,-51.9230840443243,107963.825,109249.6249580434,106678.0250419566,0.002797202797202747,-0.0012267591363839259,218.46140675
2025-05-25 13:00:00,1748178000000,107550.0,107743.8,107300.0,107525.1,115.20871461,107279.18000000001,107549.38,107894.705,108269.37799999998,46.09074761827886,-346.09660042703035,-321.6141500169346,-24.482450410095737,107894.705,109113.80673225127,106675.60326774874,-0.00023152022315198195,0.0037817401045556753,206.34506748900003
2025-05-25 14:00:00,1748181600000,107525.1,107646.0,107131.4,107368.1,145.8991266,107327.42,107461.18000000001,107822.205,108248.16,48.83991513243467,-337.97234233981,-324.88578848151093,-13.086553858299055,107822.205,108981.0630958036,106663.3469041964,-0.0014601241942578946,0.0022515353286616246,210.25048116600001
2025-05-25 15:00:00,1748185200000,107368.1,107428.0,106600.0,106973.3,338.51390261,107333.3,107347.91,107723.65,108194.62599999999,39.05640297978014,-359.2482117190666,-331.75827312902425,-27.489938590042357,107723.65,108813.90141764784,106633.39858235215,-0.003677069818689205,0.00027491049045358373,215.3463530715
2025-05-25 16:00:00,1748188800000,106973.3,107246.9,106648.2,107184.2,171.87967213,107320.13999999998,107272.36000000002,107640.61499999999,108144.898,37.825300213850866,-355.0000804673182,-336.4066345966842,-18.593445870633957,107640.61499999999,108618.47380430497,106662.75619569501,0.001971519996111226,-0.0006135198135198694,219.13245451449998
2025-05-25 17:00:00,1748192400000,107184.1,107369.3,107107.0,107352.5,47.52674943,107280.63999999998,107239.4,107567.425,108113.136,37.85188108392524,-334.20104408102634,-335.96551649355257,1.7644724125262314,107567.425,108379.91004536771,106754.9399546323,0.001570194114431045,-0.001836355183635563,214.49037194350004
2025-05-25 18:00:00,1748196000000,107360.0,107600.0,107261.2,107413.8,54.12058476,107258.38,107268.78,107532.81999999999,108079.864,35.7931573404002,-309.20707654370926,-330.6138285035831,21.406751959873816,107532.81999999999,108306.78068878737,106758.85931121261,0.000571016045271433,-0.0010351071517255006,205.12820818149999
2025-05-25 19:00:00,1748199600000,107413.9,107937.3,107413.8,107709.4,76.58275686,107326.64000000001,107327.03,107529.93000000001,108045.73600000002,43.59247770453652,-262.5213287459628,-316.9953285520573,54.47399980609447,107529.93000000001,108300.6304909403,106759.22950905972,0.0027519741411252685,0.003178784014991276,187.8173897205
2025-05-25 20:00:00,1748203200000,107709.3,107754.9,107426.1,107679.8,61.65493055,107467.93999999999,107400.62,107542.125,108023.306,45.606977451742736,-225.31366028412594,-298.6589948984691,73.34533461434313,107542.125,108314.27803057771,106769.97196942229,-0.0002748135260245421,0.006604451765066521,169.2800554225
2025-05-25 21:00:00,1748206800000,107679.9,107913.9,107172.5,107451.2,83.52005184,107521.34000000001,107420.74000000002,107532.085,107998.04,46.058516267795405,-211.83005173735728,-281.2932062662453,69.46315452888803,107532.085,108303.44405292223,106760.72594707778,-0.002122960852453337,0.00249103879116519,162.3144641345
2025-05-25 22:00:00,1748210400000,107458.0,109200.0,107346.1,109159.0,523.38591714,107882.64000000001,107581.64000000001,107593.81999999999,108016.20600000002,75.01963286541678,-62.62079016333155,-237.55872304565966,174.9379328823281,107593.81999999999,108644.43594485223,106543.20405514775,0.01589372664055877,0.016827740387974188,182.841950059
2025-05-25 23:00:00,1748214000000,109157.6,109315.3,108554.1,109004.9,317.36620613,108200.85999999999,107729.62,107639.5,108030.384,72.24064424443392,42.702069115810446,-181.50656461336268,224.20863372917313,107639.5,108848.67092257417,106430.32907742583,-0.001411702195879494,0.014812808037700798,193.87849810350002
2025-05-26 00:00:00,1748217600000,109004.9,109599.5,108666.7,109534.1,308.40629716,108565.8,107946.22,107703.7,108065.06600000002,78.35033492404015,166.94774717530527,-111.81570225562616,278.7634494309314,107703.7,109160.38636367071,106247.01363632928,0.004854827627015057,0.016940954085715942,204.6389126145
2025-05-26 01:00:00,1748221200000,109538.0,109850.0,109218.0,109541.0,315.96377794,108938.04,108202.99000000002,107775.45,108109.40600000002,76.832981962989,262.9390713483299,-36.864747534832446,299.8038188831623,107775.45,109441.83952734381,106109.06047265619,6.299408129528672e-05,0.01728457890895041,215.8786651175
2025-05-26 02:00:00,1748224800000,109540.1,109773.7,109186.0,109386.0,168.54464773,109325.0,108423.17,107847.76499999998,108149.72200000001,72.25994180407372,322.78503194483346,35.065208361102655,287.71982358373083,107847.76499999998,109663.04290103857,106032.4870989614,-0.0014149952985640368,0.01800631356373872,219.8992435065
2025-05-26 03:00:00,1748228400000,109386.0,109754.9,109262.9,109621.9,143.10919684,109417.58,108650.10999999999,107944.755,108192.522,74.18454440599756,384.8123041595827,105.01462752080016,279.79767663878255,107944.755,109922.75663532986,105966.75336467015,0.0021565831093557364,0.004240603156862921,219.75290024249998
2025-05-26 04:00:00,1748232000000,109621.9,109734.0,109492.0,109528.0,159.50455121,109522.2,108861.53,108065.155,108227.15,75.28032023221513,421.5333484733419,168.3183717113096,253.2149767620323,108065.155,110123.30186445925,106007.00813554075,-0.0008565806649948327,0.004798866839931026,215.2151816615
2025-05-26 05:00:00,1748235600000,109528.0,109681.0,109360.3,109633.1,132.51613256,109542.0,109053.9,108190.465,108252.41200000001,83.39611270152183,453.883496983588,225.431396765766,228.45210021782196,108190.465,110312.27790933246,106068.65209066753,0.0009595719815937986,0.0009038281229316603,186.5596108115
2025-05-26 06:00:00,1748239200000,109633.1,109956.7,109495.3,109931.8,177.99844803,109620.16,109279.1,108339.86000000002,108281.09,83.75429975429982,497.88415657074074,279.9219487267615,217.96220784397923,108339.86000000002,110512.26461327742,106167.4553867226,0.00272454213189266,0.003567613952766502,187.264773657
2025-05-26 07:00:00,1748242800000,109931.8,110214.8,109702.0,110089.0,451.99241482,109760.76000000001,109542.88,108481.81000000001,108318.07,83.70987213284391,539.223701214316,331.7822992242729,207.44140199004306,108481.81000000001,110724.25103075661,106239.36896924341,0.0014299774951378463,0.0064267822207595415,204.629820515
2025-05-26 08:00:00,1748246400000,110089.1,110179.9,109600.0,109660.0,111.52438386,109768.38,109592.98000000001,108587.31000000001,108352.004,75.37161704242536,531.2454132769053,371.67492203479964,159.57049124210567,108587.31000000001,110843.66151414141,106330.95848585862,-0.0038968470964401147,0.0003475582889915785,195.26092314049998
2025-05-26 09:00:00,1748250000000,109661.9,109990.0,109588.2,109713.9,155.01148039,109805.56000000001,109663.88,108696.75,108394.266,73.94919830820334,523.2401951833017,401.9879766645002,121.2522185188015,108696.75,110948.49565778827,106445.00434221173,0.0004915192412913161,0.0016972828865677858,197.2510614295
2025-05-26 10:00:00,1748253600000,109714.0,109864.0,109572.0,109644.8,119.46621536,109807.9,109674.95,108810.585,108422.23,73.25774074424774,505.4932472449145,422.6890307805832,82.80421646433132,108810.585,111009.07839539125,106612.09160460877,-0.0006298199225439616,0.00010671959472086101,195.92941586749998
2025-05-26 11:00:00,1748257200000,109644.9,109838.0,109556.1,109783.9,93.2238285,109778.31999999999,109699.23999999999,108951.11499999999,108454.74799999999,78.20745362644814,496.92451756804076,437.5361281380748,59.38838942996597,108951.11499999999,111009.99947289714,106892.23052710285,0.0012686420149428113,-0.0013453795898912269,183.664912162
2025-05-26 12:00:00,1748260800000,109784.0,110078.8,109666.0,109826.1,228.07042635,109725.73999999999,109743.25,109083.21,108469.51600000002,63.50787672619789,487.9145118511806,447.61180488069596,40.30270697048462,109083.21,110998.79172546818,107167.62827453183,0.0003843915182464297,-0.002388067836023522,186.474449873
2025-05-26 13:00:00,1748264400000,109826.1,109987.9,109471.7,109609.6,185.51596354,109715.65999999999,109742.01999999999,109196.06500000002,108477.788,61.94256823478326,458.0245930927631,449.69436252310936,8.330230569653736,109196.06500000002,110940.64504028126,107451.48495971877,-0.0019712982615243124,-0.0004596024074411398,193.3739105785
2025-05-26 14:00:00,1748268000000,109606.1,109740.0,109500.0,109662.6,148.97016214,109705.4,109755.48000000001,109308.505,108495.28399999999,53.12576015567993,433.61479548680654,446.4784491158488,-12.863653629042233,109308.505,110847.14684878827,107769.86315121174,0.0004835342889673022,-0.00046757976883504693,198.1163894475
2025-05-26 15:00:00,1748271600000,109663.8,110411.2,109534.0,110004.9,420.27714813,109777.42,109792.66,109423.28,108523.46,59.70136768580872,436.8546148709138,444.55368226686176,-7.699067395947964,109423.28,110792.8440637196,108053.7159362804,0.003121392343424123,0.003284241477935934,215.30110901100002
2025-05-26 16:00:00,1748275200000,110007.1,110450.0,109096.9,109386.1,996.28497915,109697.86000000002,109738.09,109508.595,108531.98,50.001751497530485,385.0518927372759,432.6533243609446,-47.6014316236687,109508.595,110606.50584380655,108410.68415619346,-0.005625203968186776,-0.003623482131715039,262.032611441
2025-05-26 17:00:00,1748278800000,109386.0,109696.7,108877.7,109174.2,167.72732963,109567.48000000001,109646.61000000002,109594.745,108536.67799999999,42.092062034125796,323.1740573684074,410.75747096243714,-87.58341359402976,109594.745,110148.43091315092,109041.05908684907,-0.0019371748329999328,-0.005935747513569289,266.2429753305
2025-05-26 18:00:00,1748282400000,109175.3,109465.2,108984.9,109095.2,286.6527334,109464.6,109590.13,109591.55500000001,108538.48,42.314795084878064,264.70941820408916,381.5478604107675,-116.83844220667834,109591.55500000001,110156.4334516678,109026.67654833221,-0.0007236141872347668,-0.00469301958952506,254.4063161435
2025-05-26 19:00:00,1748286000000,109094.1,109185.1,108851.1,109123.5,165.36124949,109356.78,109531.09000000001,109597.48500000002,108542.8,40.69733479372014,218.14469623944024,348.86722757650205,-130.7225313370618,109597.48500000002,110138.41490216236,109056.55509783767,0.00025940646334587925,-0.004915987766111796,246.80606831149998
2025-05-26 20:00:00,1748289600000,109123.4,109633.6,108932.1,109596.1,125.69432493,109275.01999999999,109526.22,109600.58499999999,108558.36,44.23770125991281,216.8764866955462,322.4690794003109,-105.59259270476468,109600.58499999999,110140.69543032706,109060.47456967292,0.004330872818412157,-0.003716198096630152,237.6704697
2025-05-26 21:00:00,1748293200000,109596.0,109650.0,109132.0,109344.1,80.01499661,109266.62,109482.23999999999,109590.73999999999,108566.354,37.6167835887888,193.30887296571746,296.6370381133922,-103.32816514767472,109590.73999999999,110142.47644890775,109039.00355109223,-0.0022993518929962375,-0.0003839610334402943,225.8730306335
2025-05-26 22:00:00,1748296800000,109344.1,109890.0,109164.0,109191.5,93.64125597,109270.08,109418.78,109581.01499999998,108573.286,41.423497968000554,160.46809909649892,269.4032503100135,-108.93515121351459,109581.01499999998,110154.37900957365,109007.65099042632,-0.001395594275319878,0.0001584623473311897,222.1278610455
2025-05-26 23:00:00,1748300400000,109191.6,109469.9,109052.1,109437.9,89.85469689,109338.62,109401.61000000002,109571.81499999999,108585.718,45.28011491894108,152.5652165014617,246.03564354830314,-93.47042704684145,109571.81499999999,110148.3130276596,108995.31697234037,0.0022565859064120897,0.0031412931091376883,219.46513604800003
2025-05-27 00:00:00,1748304000000,109436.7,109677.9,109137.0,109152.3,140.22283138,109344.38,109350.58,109553.03,108606.64600000001,42.15839251026969,121.85203914382146,221.1989226674068,-99.34688352358535,109553.03,110159.25697538536,108946.80302461464,-0.0026096991992717866,0.0002639211535553354,218.5010500565
2025-05-27 01:00:00,1748307600000,109152.4,109152.4,107505.2,108396.6,830.95332877,109104.48000000001,109189.75,109491.205,108619.234,31.536639250445972,36.11682033033867,184.18250219999317,-148.0656818696545,109491.205,110285.94434416165,108696.46565583836,-0.0069233538826025676,-0.010944732522416345,253.422909867
2025-05-27 02:00:00,1748311200000,108397.3,108694.0,107889.6,108270.3,262.52638305,108889.72,109078.17,109408.13,108635.92199999999,29.747461598541932,-41.54141542002617,139.0377186759893,-180.57913409601548,109408.13,110343.8094797593,108472.45052024072,-0.0011651656970791402,-0.009820374396057985,257.64930661799997
2025-05-27 03:00:00,1748314800000,108270.3,109333.3,108270.1,108886.4,336.33712146,108828.7,109049.38999999998,109348.0,108660.61,41.47290477762562,-52.763914699316956,100.67739200092805,-153.441306700245,109348.0,110253.52832150798,108442.47167849202,0.005690387853363177,-0.002794173539149125,251.86654195
2025-05-27 04:00:00,1748318400000,108886.5,109347.3,108845.4,108949.2,151.17502872,108730.96,109034.79000000001,109312.46,108681.10800000001,41.607848673065924,-55.94549893371004,69.35281381400044,-125.29831274771048,109312.46,110222.21392022722,108402.70607977279,0.0005767478766862677,-0.004465546213880178,253.84907419299998
2025-05-27 05:00:00,1748322000000,108949.3,108972.0,108536.9,108915.9,153.71500095,108683.67999999998,109014.03,109272.56000000001,108697.6,36.18511188917642,-60.45704105379991,43.390842840440364,-103.84788389424028,109272.56000000001,110178.16982512822,108366.9501748718,-0.00030564703549917915,-0.0021657812066260274,253.784250221
2025-05-27 06:00:00,1748325600000,108916.0,109273.4,108828.1,108829.1,216.86232973,108770.18000000001,108937.33,109231.775,108709.18,41.83140728573942,-70.226956494138,20.66728297352469,-90.89423946766269,109231.775,110140.26586169853,108323.28413830146,-0.0007969451659490812,0.003989977545421075,258.6540559395
2025-05-27 07:00:00,1748329200000,108829.1,109634.0,108829.0,109539.7,182.27205849,109024.06000000001,108956.88999999998,109219.56499999999,108737.85399999999,54.67618535861419,-20.395219301615725,12.454782518496604,-32.850001820112325,109219.56499999999,110103.03107184742,108336.09892815255,0.006529503597842767,0.011724360235447762,263.10646743899997
2025-05-27 08:00:00,1748332800000,109540.0,109773.8,109476.2,109693.8,387.12538027,109185.54,109007.12,109212.95,108772.93600000002,57.51405904800171,31.172017034099554,16.198229421617196,14.973787612482358,109212.95,110079.10574022,108346.79425978,0.0014067958922656665,0.007415067446439716,271.059215135
2025-05-27 09:00:00,1748336400000,109693.8,109892.0,109420.8,109823.8,190.87662688,109360.46,109045.70999999999,109223.66,108815.77,58.57181326348267,81.588812045331,29.276345946359957,52.31246609897104,109223.66,110115.38627473508,108331.93372526493,0.0011851171169199315,0.008027594511937686,271.327248302
2025-05-27 10:00:00,1748340000000,109823.9,109854.7,109625.1,109695.3,66.4049821,109516.34,109100.01000000001,109225.295,108867.276,51.32591958939261,109.90866660047323,45.402810077182615,64.50585652329062,109225.295,110120.52296973158,108330.06703026842,-0.0011700560352128075,0.007155979980884464,267.1989893
2025-05-27 11:00:00,1748343600000,109692.9,109774.0,109424.3,109588.2,106.10699613,109668.16,109219.17,109204.46,108916.50200000001,53.39414332990341,122.30048901469854,60.782345864685816,61.518143150012726,109204.46,110040.74771780269,108368.17228219732,-0.0009763408277292385,0.006975156460909737,251.49048169999998
2025-05-27 12:00:00,1748347200000,109588.3,109830.0,109448.1,109602.9,148.65392673,109680.8,109352.43000000001,109215.3,108969.68199999999,55.94852515905144,131.78809142878163,74.98349497750499,56.80459645127664,109215.3,110066.9797866262,108363.62021337381,0.00013413852951327243,0.0005769597689240236,209.10892907899998
2025-05-27 13:00:00,1748350800000,109602.9,110729.0,109582.5,109846.0,991.42277132,109711.23999999999,109448.38999999998,109248.88999999998,109021.602,55.906446290560794,157.11210622936778,91.40921722787756,65.70288900149022,109248.88999999998,110145.54814620633,108352.23185379364,0.002218007005289069,0.0013874986553479296,250.2937011635
2025-05-27 14:00:00,1748354400000,109846.0,110223.3,108621.2,109385.7,689.5044308,109623.62,109492.04,109263.415,109058.31599999999,53.21540750537271,138.4433629050036,100.81604636330279,37.62731654170081,109263.415,110159.00149357502,108367.82850642496,-0.004190412031389479,-0.0039891171130483905,270.4362860335
2025-05-27 15:00:00,1748358000000,109383.8,110258.1,109025.0,110145.7,707.92813688,109713.7,109615.01999999999,109314.525,109110.728,74.06775463026656,182.86586470433394,117.22601003150903,65.63985467282491,109314.525,110289.63233741166,108339.41766258833,0.006947891726249322,0.004105918849759194,297.564630403
2025-05-27 16:00:00,1748361600000,110146.2,110512.0,109944.6,110222.0,653.98883973,109840.45999999999,109754.31000000001,109345.81999999999,109167.806,77.23023690599099,221.6724801359669,138.11530405240063,83.55717608356628,109345.81999999999,110396.2436610958,108295.39633890419,0.0006927188260641426,0.005783469388127571,323.979356143
2025-05-27 17:00:00,1748365200000,110222.1,110465.2,109974.3,110244.0,208.91074934,109968.68000000001,109824.73999999999,109390.81500000002,109233.22,72.70537864597276,251.30532473411586,160.7533081887437,90.55201654537217,109390.81500000002,110515.40477086641,108266.22522913362,0.00019959717660711362,0.005849297783179219,330.4241437795
2025-05-27 18:00:00,1748368800000,110244.1,110426.0,109782.0,109895.5,178.95976095,109978.58,109844.91,109426.01500000001,109287.446,64.44600494611183,243.85751690380857,177.37414993175668,66.4833669720519,109426.01500000001,110568.26899567354,108283.76100432649,-0.0031611697688762597,0.0004506308832366024,334.6900690285
2025-05-27 19:00:00,1748372400000,109895.5,110053.9,109570.1,109885.1,173.83407377,110078.46,109851.04,109448.375,109338.09799999998,64.89976632640531,234.41370753230876,188.78206145186712,45.63164608044164,109448.375,110608.96952074337,108287.78047925663,-9.463535813558632e-05,0.004565496221169862,338.88903787249996
2025-05-27 20:00:00,1748376000000,109885.1,109903.0,109548.9,109564.0,118.80565459,109962.12,109837.90999999999,109468.95999999999,109381.102,60.53861817764636,198.72853487060638,190.771356135615,7.957178734991373,109468.95999999999,110622.02339698834,108315.89660301164,-0.002922143220509432,-0.005281186646414637,337.818179033
2025-05-27 21:00:00,1748379600000,109564.1,109695.0,108823.2,108923.2,220.92896131,109702.36000000002,109771.41,109495.29,109405.37799999998,40.97866487166736,117.38744118629256,176.09457314575053,-58.70713195945797,109495.29,110566.38583020116,108424.19416979882,-0.005848636413420483,-0.01178349149897484,307.31696066
2025-05-27 22:00:00,1748383200000,108923.3,109178.5,108600.0,109028.1,210.56319707,109459.18000000001,109713.93000000001,109533.18000000001,109432.344,40.11639991685732,60.68900153557479,153.01345882371538,-92.3244572881406,109533.18000000001,110466.58043553309,108599.77956446692,0.0009630638835436134,-0.011029171655600245,304.71880136100003
2025-05-27 23:00:00,1748386800000,109028.1,109168.8,108911.8,108936.0,97.4538407,109267.28,109622.93000000001,109535.66,109462.04,36.668869001141296,8.228530764681636,124.05647321190864,-115.827942447227,109535.66,110462.06213480385,108609.25786519615,-0.0008447363569575872,-0.008731021743383471,292.77463732300004
2025-05-28 00:00:00,1748390400000,108936.0,109252.7,108694.4,109204.3,178.75575291,109131.12,109604.79,109548.415,109462.946,42.92425639843216,-11.563912871308275,96.93239599526525,-108.49630886657353,109548.415,110447.4389930647,108649.39100693529,0.0024629140045531184,-0.006195562455692416,294.15367353249997
2025-05-28 01:00:00,1748394000000,109204.3,109282.0,108629.6,108670.0,149.4652412,108952.31999999999,109457.22,109536.12,109456.248,38.218538287826036,-69.56123053467309,63.63367068927759,-133.19490122395067,109536.12,110477.30335503248,108594.93664496751,-0.004892664482991971,-0.008159614471906829,293.941185545
2025-05-28 02:00:00,1748397600000,108677.7,108879.9,108400.0,108624.6,239.56014206,108892.6,109297.48000000001,109525.89499999999,109438.05799999999,37.54551241247637,-117.82965417725791,27.341005715970482,-145.1706598932284,109525.89499999999,110503.1709594649,108548.61904053508,-0.00041777859574854137,-0.0027413810831851126,295.0760761615
2025-05-28 03:00:00,1748401200000,108624.6,108965.6,108566.0,108856.7,114.03869653,108858.32000000002,109158.75,109491.745,109424.37199999999,37.37010085535556,-135.78891537635354,-5.284978502494334,-130.5039368738592,109491.745,110513.70198225492,108469.78801774507,0.0021367167289914057,-0.0015720717869981415,291.6644080635
2025-05-28 04:00:00,1748404800000,108856.8,109068.6,108629.6,108982.6,191.38912657,108867.64000000001,109067.46,109456.18499999998,109416.30399999999,44.373412244214435,-138.2688087248098,-31.881744546957435,-106.38706417785235,109456.18499999998,110497.84293814756,108414.52706185241,0.0011565663849815166,0.0004277741058971163,281.87759537849996
2025-05-28 05:00:00,1748408400000,108982.6,109086.8,108846.1,108980.1,88.53981799,108822.8,108976.96,109414.0,109403.46800000001,29.366990016285797,-138.83546220362769,-53.272488078291495,-85.56297412533618,109414.0,110461.29407120422,108366.70592879578,-2.2939441709057817e-05,-0.0020530327102503687,276.760754934
2025-05-28 06:00:00,1748412000000,108980.1,108983.3,108630.0,108725.1,131.18111015,108833.81999999999,108893.06999999999,109365.49000000002,109387.41,25.079079679019998,-158.0391239955061,-74.22581526173443,-83.81330873377166,109365.49000000002,110447.23393876423,108283.74606123581,-0.002339876729788304,0.0005070396613602313,279.9995613365
2025-05-28 07:00:00,1748415600000,108725.1,109016.9,108714.9,108816.2,145.7081883,108872.14000000001,108882.37,109326.89000000001,109371.07199999999,26.764093217029043,-164.01647806706023,-92.1839478227996,-71.83253024426064,109326.89000000001,110430.05557119689,108223.72442880314,0.000837892998028833,0.00176387300850811,281.97962094499997
2025-05-28 08:00:00,1748419200000,108816.2,109139.3,108600.0,109032.6,177.9028469,108907.31999999999,108882.81999999999,109298.375,109353.08799999999,35.32632724551935,-149.56778366083745,-103.66071499040717,-45.90706867043028,109298.375,110400.98346679728,108195.76653320272,0.0019886744804542555,0.0016158858389057063,283.44206695350005
2025-05-28 09:00:00,1748422800000,109032.7,109081.9,108510.0,108799.2,269.08079823,108870.64000000001,108869.14000000001,109246.035,109327.29199999999,32.83596244428291,-155.16190345598443,-113.96095268352263,-41.200950772461795,109246.035,110338.52455919392,108153.54544080609,-0.002140644174311257,-0.001682837443775509,247.324968299
2025-05-28 10:00:00,1748426400000,108799.2,108946.0,108250.0,108834.0,275.59528572,108841.42,108832.11000000002,109218.45,109310.772,37.313173444560434,-155.0004662838328,-122.16885540358466,-32.831610880248135,109218.45,110323.87506327956,108113.02493672044,0.00031985529305367244,-0.0013406117263611295,226.629511045
2025-05-28 11:00:00,1748430000000,108834.1,108940.0,108711.2,108865.5,172.59444737,108869.5,108851.66,109154.44000000002,109293.804,48.72778586232755,-150.59477711410727,-127.85403974568919,-22.74073736841808,109154.44000000002,110179.10089363634,108129.7791063637,0.0002894316114450124,0.0012913301528350019,199.8628265695
2025-05-28 12:00:00,1748433600000,108865.5,109060.0,108785.5,108887.9,129.48765073,108883.84,108877.98999999999,109087.73500000002,109278.666,46.79205564708011,-143.6399523044238,-131.01122225743612,-12.62873004698767,109087.73500000002,109985.63141009602,108189.83858990401,0.00020575848179626988,0.0006589092432927046,173.6377671195
2025-05-28 13:00:00,1748437200000,108888.1,108998.2,108007.1,108070.2,472.42507881,108691.35999999999,108799.34000000001,108979.045,109244.392,35.127799917548415,-201.78370902474853,-145.1657196108986,-56.61798941384993,108979.045,109811.50410024392,108146.58589975607,-0.007509557994965443,-0.008826717880707324,186.813483593
2025-05-28 14:00:00,1748440800000,108070.1,108267.2,107500.0,107536.0,795.25558116,108438.72,108654.68000000001,108861.06999999999,109198.59,23.741618660874423,-287.65264157860656,-173.6631040044402,-113.98953757416635,108861.06999999999,109807.62283968493,107914.51716031505,-0.004943083292156314,-0.01161037948808441,217.6282746035
2025-05-28 15:00:00,1748444400000,107534.1,107701.0,107036.0,107113.1,481.49174066,108094.54000000001,108467.98000000001,108722.47,109148.66,24.604443284507227,-385.3863842964929,-216.00776006285076,-169.37862423364214,108722.47,109834.92421450415,107610.01578549585,-0.003932636512423704,-0.015812154290019587,233.01115794799998
2025-05-28 16:00:00,1748448000000,107113.2,107475.6,107113.2,107432.0,594.32684866,107807.84000000001,108338.67,108615.87,109104.04800000001,32.14028992452363,-432.1272249808244,-259.23165304644556,-172.89557193437884,108615.87,109795.36607277163,107436.37392722836,0.0029772268751440123,-0.013167624270315259,256.7872176515
2025-05-28 17:00:00,1748451600000,107432.0,107839.8,107343.5,107691.3,314.41020439,107568.51999999999,108226.18000000001,108554.275,109057.776,32.68865121806307,-443.1381176468567,-296.0129459665278,-147.1251716803289,108554.275,109793.35371187021,107315.19628812978,0.0024136197780921798,-0.010989283474104994,261.4612798055
2025-05-28 18:00:00,1748455200000,107691.4,107846.1,107385.0,107480.6,156.82413166,107450.6,108070.98000000001,108476.9,109019.66600000001,28.23693056682501,-463.5228530716704,-329.5149273875563,-134.00792568411407,108476.9,109782.8605313611,107170.93946863888,-0.0019565183074212733,-0.005455713045779409,258.774326535
2025-05-28 19:00:00,1748458800000,107480.5,107800.0,106933.4,106934.7,255.45732862,107330.34,107884.53,108376.83499999999,108974.87599999999,24.395373291272207,-517.7590604341531,-367.1637539968757,-150.59530643727737,108376.83499999999,109832.75787718648,106920.9121228135,-0.005079056127338388,-0.005591615830977559,266.674500931
2025-05-28 20:00:00,1748462400000,106934.1,107412.7,106800.0,107326.7,261.56108645,107373.06000000001,107733.8,108282.955,108939.506,33.075135553834116,-523.0807756645518,-398.34715833041093,-124.73361733414083,108282.955,109756.25743934793,106809.65256065207,0.003665788560682337,0.001994153842993951,270.814767608
2025-05-28 21:00:00,1748466000000,107326.8,107586.0,107189.8,107504.3,95.72467899,107387.51999999999,107597.68000000001,108224.67,108907.12199999999,34.44768475709522,-507.1216562974587,-420.10205792382055,-87.01959837363813,108224.67,109725.47696342756,106723.86303657244,0.0016547606513570567,0.0006729838409411659,268.12773949750004
2025-05-28 22:00:00,1748469600000,107504.2,107504.2,107149.8,107410.7,86.82210604,107331.4,107449.96,108163.975,108863.414,30.19609758480054,-496.3055743852019,-435.3427612160969,-60.962813169105004,108163.975,109694.57019331155,106633.37980668846,-0.0008706628479047129,-0.0026055958095037024,260.49083769649997
2025-05-28 23:00:00,1748473200000,107410.7,108048.5,107410.7,107783.9,229.48781472,107392.06000000001,107421.33,108110.335,108832.21,38.01213781377661,-452.40459476223623,-438.7551279253248,-13.649466836911415,108110.335,109613.66267065842,106607.00732934159,0.003474514177824073,0.002821904604179526,266.26329360600005
2025-05-29 00:00:00,1748476800000,107783.9,108303.0,107412.6,108287.3,275.48891934,107662.58,107496.46,108075.56999999999,108814.12599999999,44.18812323262394,-372.6963710165146,-425.5433765435627,52.84700552704811,108075.56999999999,109525.16305955657,106625.97694044342,0.00467045634830443,0.012648840834640351,270.46828324449996
2025-05-29 01:00:00,1748480400000,108287.4,108346.1,107815.0,108153.8,286.52073837,107828.0,107600.53,108034.255,108788.444,42.59463509042103,-316.6492276596691,-403.76454676678406,87.11531910711494,108034.255,109421.0405303766,106647.46946962341,-0.0012328315508836063,0.007706376884782706,280.3673292635
2025-05-29 02:00:00,1748484000000,108153.8,108485.1,107930.0,108429.9,192.99477915,108013.12,107700.31999999999,108019.495,108773.996,45.47341371812612,-247.10404035178362,-372.432445483784,125.3284051320004,108019.495,109381.38130868667,106657.60869131332,0.0025528460396213593,0.008609888162612878,283.4580127135
2025-05-29 03:00:00,1748487600000,108429.9,108434.1,107941.3,108035.9,255.45870893,108138.16,107734.78,107980.48000000001,108766.78199999999,49.63001315988175,-221.23126700917783,-342.19220978886284,120.96094277968501,107980.48000000001,109289.96562597316,106670.99437402686,-0.003633684066848719,0.005820649153203572,288.94553874499996
2025-05-29 04:00:00,1748491200000,108036.0,108104.0,106930.8,107567.5,343.84064945,108094.88,107743.47,107907.225,108752.726,50.344676660466135,-235.8046613183833,-320.91470009476694,85.11003877638365,107907.225,109129.93510098521,106684.5148990148,-0.004335595852859919,-0.002007721004714025,297.2424288725
2025-05-29 05:00:00,1748494800000,107567.4,107779.5,107479.2,107683.9,131.32734556,107974.2,107818.38999999998,107851.46,108728.67599999999,56.6948158573773,-235.2498606757872,-303.78173221097103,68.53187153518383,107851.46,109002.51488533396,106700.40511466605,0.0010821112324819193,-0.005572213916128721,290.35475623900004
2025-05-29 06:00:00,1748498400000,107684.0,107957.1,107642.0,107899.9,188.94109297,107923.42,107875.71,107804.755,108707.69,55.62366289271884,-214.90350942466466,-286.00608765370976,71.1025782290451,107804.755,108859.74208892003,106749.76791107998,0.002005870886919947,-0.0023475827941321636,286.0220466015
2025-05-29 07:00:00,1748502000000,107900.0,108024.1,107740.6,107883.3,205.48125624,107814.1,107913.60999999999,107755.64499999999,108687.038,52.45060499310768,-197.837809540506,-268.372432031069,70.53462249056304,107755.64499999999,108686.9138423518,106824.37615764818,-0.00015384629642833936,-0.005041044951623053,287.666387045
2025-05-29 08:00:00,1748505600000,107883.4,108580.2,107683.0,108492.6,357.74748002,107905.43999999999,108021.8,107735.88,108680.30799999999,61.72381835032437,-133.60755914080073,-241.41945745301535,107.81189831221462,107735.88,108578.53008683352,106893.22991316649,0.005647769395263236,0.004227298518362899,299.07937850950003
2025-05-29 09:00:00,1748509200000,108492.3,108659.3,108317.0,108517.9,700.30374538,108095.51999999999,108095.2,107758.26499999998,108659.87200000002,70.85682668493448,-79.74388660913974,-209.08434328424025,129.3404566751005,107758.26499999998,108660.02289789691,106856.50710210306,0.00023319562808876704,0.0088353824342855,310.47331183800003
2025-05-29 10:00:00,1748512800000,108518.0,108860.0,108388.1,108749.9,226.11360957,108308.72,108141.45999999999,107818.95999999999,108640.99399999999,69.57418715959736,-18.127119602329913,-170.8928985478582,152.7657789455283,107818.95999999999,108816.09328972218,106821.8267102778,0.002137896144322804,0.00989934428452166,282.0162132585
2025-05-29 11:00:00,1748516400000,108750.0,108897.5,108652.6,108781.2,190.38687784,108484.97999999998,108204.2,107902.36499999999,108620.14199999999,68.29841506405668,32.851568044075975,-130.14400522947136,162.99557327354734,107902.36499999999,108929.5066532754,106875.22334672458,0.0002878163566126801,0.008167755484481454,267.46097011750004
2025-05-29 12:00:00,1748520000000,108781.2,108800.0,108356.2,108429.3,231.55474401,108594.18000000001,108204.13999999998,107952.23000000001,108594.82199999999,63.59075625767218,44.3459645431285,-95.24601127495137,139.59197581807987,107952.23000000001,108980.05670892404,106924.40329107599,-0.0032349339775622488,0.005061024273451009,249.322364885
2025-05-29 13:00:00,1748523600000,108429.3,108592.0,107413.5,107602.0,1918.18711592,108416.06000000001,108160.75,107947.76499999998,108555.09799999998,47.83529691776752,-13.149260716556455,-78.82666116327239,65.67740044671594,107947.76499999998,108981.12534836719,106914.40465163278,-0.007629856505575572,-0.008208854797470133,329.5112104615
2025-05-29 14:00:00,1748527200000,107601.9,107834.0,106455.0,107616.9,1923.62880482,108235.85999999999,108165.68999999999,107954.58,108515.37800000001,40.972259628332665,-56.85692427685717,-74.43271378598935,17.57578950913218,107954.58,108976.70464704845,106932.45535295155,0.00013847326257865333,-0.0083027776984258,417.85144411950006
2025-05-29 15:00:00,1748530800000,107617.0,107748.9,106964.1,107034.0,949.81183762,107892.68000000001,108100.7,107959.545,108459.138,36.54862579281165,-136.95202205242822,-86.93657543927714,-50.015446613151084,107959.545,108961.5775206923,106957.5124793077,-0.005416435522673457,-0.015778405313476074,452.5691695695
2025-05-29 16:00:00,1748534400000,107034.0,107180.0,106581.7,106731.7,341.62986375,107482.78,107983.88,107929.795,108406.058,29.72831017523741,-222.25898379231512,-114.00105710988475,-108.25792668243037,107929.795,109040.38875959022,106819.20124040978,-0.002824336192237986,-0.018840571716436272,456.5726084345
2025-05-29 17:00:00,1748538000000,106731.7,106882.0,106075.9,106313.2,1552.56799196,107059.56000000001,107826.87,107870.23999999999,108329.40800000001,29.555434240820162,-319.9466711169953,-155.19017991130687,-164.7564912056884,107870.23999999999,109185.74553084461,106554.73446915537,-0.003921046886726232,-0.019515942646498696,529.414774083
2025-05-29 18:00:00,1748541600000,106316.5,106625.9,105800.0,105833.9,348.22938296,106705.93999999999,107561.0,107791.4,108241.646,29.47916666666646,-431.0712495183252,-210.36639383271057,-220.70485568561463,107791.4,109382.91195772367,106199.88804227632,-0.00450837713473029,-0.016431850709094697,542.485137929
2025-05-29 19:00:00,1748545200000,105833.9,106088.0,105632.1,105723.5,581.32678923,106327.25999999998,107281.55999999998,107688.38,108151.23599999999,26.761498340445627,-522.0290101582796,-272.69891709782445,-249.3300930604551,107688.38,109529.15876723226,105847.60123276775,-0.001043144020961062,-0.01759389092233654,560.0770866545
2025-05-29 20:00:00,1748548800000,105723.5,106223.9,105711.2,106186.0,206.5676462,106157.65999999999,107025.17,107583.31499999999,108077.046,30.805241348415223,-550.4485781628173,-328.24884931082306,-222.19972885199422,107583.31499999999,109517.65199483238,105648.97800516759,0.004374618698775645,-0.00792271614627127,556.6310229974999
2025-05-29 21:00:00,1748552400000,106186.2,106479.2,106102.7,106453.9,94.73965041,106102.1,106792.43999999999,107498.31999999999,108008.422,34.84456507909563,-545.0707633847633,-371.61323212561115,-173.45753125915212,107498.31999999999,109476.01271478241,105520.62728521758,0.002522931459891131,-0.0026027881126226005,547.0419685995
2025-05-29 22:00:00,1748556000000,106453.9,106467.5,105906.2,105930.5,145.39002178,106025.56000000001,106542.55999999998,107373.35,107935.75200000001,22.33093587334473,-576.398448961394,-412.5702754927678,-163.82817346862623,107373.35,109417.92657384452,105328.77342615549,-0.004916682244614723,-0.0035997411422099557,544.661730731
2025-05-29 23:00:00,1748559600000,105930.6,106080.0,105311.8,105586.1,310.22264542,105976.0,106340.97,107250.85999999999,107869.01,20.379874722166036,-621.8477925065818,-454.42577889553064,-167.4220136110511,107250.85999999999,109418.15798053218,105083.56201946779,-0.00325118827910742,-0.0023414047861789467,547.3999275555
2025-05-30 00:00:00,1748563200000,105586.1,106228.5,104600.0,104940.2,643.23577126,105819.34,106073.3,107119.495,107787.252,14.480971116373496,-701.8944535989431,-503.9195138362132,-197.9749397627299,107119.495,109512.70297827119,104726.2870217288,-0.006117282483205755,-0.007408948814596639,562.3696836460001
2025-05-30 01:00:00,1748566800000,104940.3,105935.1,104933.3,105672.5,372.13086012,105716.63999999998,105937.15,107018.925,107721.98199999999,24.36715645046911,-698.1931836344302,-542.7742477958566,-155.4189358385736,107018.925,109480.345901473,104557.504098527,0.006978259999504521,-0.0048358540673911765,574.409859374
2025-05-30 02:00:00,1748570400000,105672.5,106175.2,105650.9,106009.0,175.68962234,105627.66,105864.88,106924.38,107658.076,29.992560138877337,-660.4934062359534,-566.318079483876,-94.17532675207747,106924.38,109388.58148150901,104460.178518491,0.0031843667936313214,-0.004179273845298259,573.7472858425001
2025-05-30 03:00:00,1748574000000,106009.0,106193.4,105922.4,106026.2,110.07302972,105646.8,105836.18000000001,106831.525,107605.2,34.95914783139881,-622.0574734511902,-577.4659582773388,-44.59151517385135,106831.525,109283.51157150473,104379.53842849526,0.00016225037496808703,0.0009034225270341256,568.9768745165
2025-05-30 04:00:00,1748577600000,106026.2,106137.1,105904.1,106117.3,117.42838379,105753.04,105864.51999999999,106712.76000000001,107555.054,35.891694577202486,-577.5876404423616,-577.4902947103434,-0.09734573201819785,106712.76000000001,109053.5639953912,104371.95600460882,0.00085922158862628,0.005030965250160779,556.960919705
2025-05-30 05:00:00,1748581200000,106117.4,106322.9,106034.9,106078.4,102.0844425,105980.68000000001,105900.01000000001,106590.785,107499.48800000001,39.98448832431975,-539.2675417196733,-569.8457441122094,30.578202392536127,106590.785,108785.19416711856,104396.37583288144,-0.0003665754782680164,0.010846177156132786,527.0499545609999
2025-05-30 06:00:00,1748584800000,106078.5,106140.0,105526.2,105710.8,220.35206813,105988.34000000001,105852.48999999999,106438.83,107434.05200000001,39.444570814119444,-532.4233895589277,-562.3612732015531,29.937883642625366,106438.83,108413.62324124861,104464.03675875139,-0.00346536146849874,0.00036244055927525665,526.761877489
2025-05-30 07:00:00,1748588400000,105710.7,105850.0,104710.5,105031.5,1078.38880068,105792.84000000001,105710.25,106251.345,107355.08,37.42617772284029,-575.1828324060916,-564.9255850424609,-10.257247363630768,106251.345,107987.33903646105,104515.35096353895,-0.006426022695883549,-0.009220915205312763,571.161973631
2025-05-30 08:00:00,1748592000000,105031.6,105360.0,104817.9,105168.8,344.32664392,105621.36000000002,105634.08,106088.31999999999,107283.954,43.00586787809965,-591.1763237976993,-570.1757327935086,-21.00059100419071,106088.31999999999,107554.55975435795,104622.08024564204,0.0013072268795553121,-0.008086680461999007,576.8005686265
2025-05-30 09:00:00,1748595600000,105168.8,105666.6,104595.4,105627.7,387.94063041,105523.43999999999,105638.23999999999,105989.60500000001,107220.18400000001,49.06137325599621,-560.3623777136381,-568.2130617775346,7.850684063896438,105989.60500000001,107282.32802968197,104696.88197031805,0.0043634614068051025,-0.004613762317737136,500.28824435100006
2025-05-30 10:00:00,1748599200000,105627.7,105939.0,105279.9,105917.5,222.13501182,105491.26000000001,105735.97,105904.63500000001,107157.88200000001,47.2771524186188,-506.7165525485616,-555.91375993174,49.19720738317835,105904.63500000001,106945.94925515851,104863.3207448415,0.0027435985068311464,-0.0015168026667068402,415.21355470099996
2025-05-30 11:00:00,1748602800000,105917.5,105985.0,105685.2,105874.7,119.78831559,105524.04,105756.18999999999,105846.67,107099.392,43.84536915033795,-462.3260450311209,-537.1962169516162,74.8701719204953,105846.67,106742.13518601487,104951.20481398512,-0.0004040880874265351,0.0015504565285666683,373.7123785995
2025-05-30 12:00:00,1748606400000,105874.8,105996.8,105136.8,105672.4,290.88307737,105652.22,105722.53,105793.705,107036.16,47.056542663595046,-438.4163761429518,-517.4402487898833,79.02387264693152,105793.705,106588.39939733401,104999.01060266599,-0.0019107492158183526,0.006101978930130425,371.1750392805
2025-05-30 13:00:00,1748610000000,105672.5,105982.2,105369.8,105492.0,259.01225981,105716.85999999999,105669.10999999999,105752.64499999999,106968.69,48.88515034476216,-429.07841467320395,-499.7678819665474,70.68946729334345,105752.64499999999,106518.66595745434,104986.62404254563,-0.0017071628921080384,0.003073154775941056,306.497252673
2025-05-30 14:00:00,1748613600000,105492.0,105834.0,105043.7,105344.1,408.90475577,105660.13999999998,105591.79,105728.155,106897.814,55.42540902130415,-428.6708560298721,-485.5484767792124,56.87762074934034,105728.155,106514.29211800924,104942.01788199076,-0.0014020020475485895,-0.002684901782392224,309.5310213135
2025-05-30 15:00:00,1748617200000,105344.1,105826.0,105294.9,105538.8,175.74534036,105584.4,105537.83,105718.92,106847.186,47.90090118378502,-407.934781875505,-470.02573779847097,62.090955922965975,105718.92,106509.61361848435,104928.22638151565,0.001848228804460783,-0.0035754242688884608,289.25194887
2025-05-30 16:00:00,1748620800000,105538.8,105565.4,103700.1,103901.7,961.38318854,105189.8,105356.92,105604.705,106774.5,26.508817693353834,-517.6346117664652,-479.54751259206984,-38.087099174395405,105604.705,106709.04155906166,104500.36844093834,-0.015511830720076447,-0.01863523580232107,326.992725987
2025-05-30 17:00:00,1748624400000,103901.9,104288.7,103850.0,104175.5,314.38082522,104890.42,105271.31999999999,105490.785,106715.748,30.485670300934288,-575.8412066360179,-498.8062514008595,-77.0349552351584,105490.785,106692.0865595358,104289.4834404642,0.002635183062452251,-0.01416547745674357,337.9747847275
2025-05-30 18:00:00,1748628000000,104175.6,104921.8,104056.2,104892.6,215.78774202,104770.54,105243.7,105438.89000000001,106664.96,38.59237318131862,-557.6778129920713,-510.58056371910186,-47.09724927296941,105438.89000000001,106649.84525737501,104227.93474262502,0.0068835762727321725,-0.005681947446251834,341.4946707395
2025-05-30 19:00:00,1748631600000,104892.5,104994.1,104472.8,104636.9,193.95106192,104629.1,105144.62,105391.43000000001,106603.87200000002,37.094203806829405,-557.4896519428148,-519.9623813638445,-37.527270578970274,105391.43000000001,106651.49918456504,104131.36081543498,-0.0024377315463627314,-0.006713237855750953,335.6810915645
2025-05-30 20:00:00,1748635200000,104636.8,104850.0,104388.0,104574.6,90.25461527,104436.26000000001,105010.33,105373.15,106545.752,39.239307497064104,-555.9588744423963,-527.161679979555,-28.79719446284139,105373.15,106670.8279042403,104075.47209575969,-0.0005953922564601033,-0.009135976531853607,308.032033765
2025-05-30 21:00:00,1748638800000,104579.1,104894.2,104533.3,104634.7,98.26501774,104582.86,104886.33,105321.26000000001,106499.75200000001,45.74267198832665,-543.6295316882606,-530.455250321296,-13.174281366964578,105321.26000000001,106651.13488671354,103991.38511328648,0.0005747093462464825,0.0070547450137967704,294.338741646
2025-05-30 22:00:00,1748642400000,104634.9,104810.0,103956.1,103964.4,346.90848767,104540.64,104715.53,105219.03,106432.506,38.40406685665861,-581.2458068069682,-540.6133616184304,-40.63244518853776,105219.03,106637.68448202296,103800.37551797704,-0.006406096639069103,-0.002026388162283843,302.8996849125
2025-05-30 23:00:00,1748646000000,103964.4,104265.6,103621.1,103999.9,284.72102436,104362.09999999999,104566.31999999999,105117.71500000001,106362.418,32.936391462954404,-601.2614547601406,-552.7429802467725,-48.51847451336812,105117.71500000001,106582.33045342672,103653.0995465733,0.0003414630392710727,-0.008510609900031163,311.63208464449997
2025-05-31 00:00:00,1748649600000,104000.0,104299.9,103550.7,103957.7,263.63591743,104226.26,104427.68000000001,105009.73500000002,106293.35800000001,28.331343151563345,-613.4576295876323,-564.8859101149445,-48.57171947268773,105009.73500000002,106482.4688377801,103537.00116221992,-0.00040576962093230584,-0.0064910179869624995,318.94246132649994
2025-05-31 01:00:00,1748653200000,103957.8,104210.9,103300.0,103470.4,310.65946453,104005.42,104220.84,104879.335,106207.08799999999,25.7958000281877,-654.8950014690345,-582.8877283857626,-72.00727308327191,104879.335,106414.18714137704,103344.48285862297,-0.00468748346683312,-0.010558969386447625,329.371212428
2025-05-31 02:00:00,1748656800000,103470.1,103857.9,103098.0,103198.5,239.37758171,103718.18000000001,104150.51999999999,104753.72,106105.31199999999,25.43931060500765,-701.5870164148655,-606.6275859915831,-94.95943042328236,104753.72,106408.58220714182,103098.85779285818,-0.002627804666841871,-0.013725848117307149,330.322488107
2025-05-31 03:00:00,1748660400000,103198.6,103690.1,103078.7,103675.4,148.65622928,103660.37999999999,104100.51,104685.91500000001,106015.744,32.967671767176626,-692.1304809925932,-623.7281649917852,-68.40231600080801,104685.91500000001,106402.81945588165,102969.01054411837,0.0046211911994844534,-0.002779797699981934,283.835859537
2025-05-31 04:00:00,1748664000000,103675.5,103819.4,103480.1,103804.9,83.48670987,103621.38,103991.74,104617.72,105923.244,35.518590998042924,-666.5035033290915,-632.2832326592466,-34.22027066984492,104617.72,106361.99561028242,102873.44438971758,0.001249090912598394,-0.0018750018028863558,270.7938628345
2025-05-31 05:00:00,1748667600000,103805.0,103907.7,103516.5,103536.9,101.42595243,103537.22,103881.73999999999,104513.18000000001,105833.26400000001,31.421571356979697,-660.2088227519416,-637.8683506777857,-22.34047207415597,104513.18000000001,106253.19831278769,102773.16168721233,-0.002581766371337002,-0.004047800211047448,256.4681289355
2025-05-31 06:00:00,1748671200000,103537.0,103921.2,103521.3,103864.3,105.760368,103615.99999999999,103810.70999999999,104410.52,105759.2,49.541441883276185,-621.635966804577,-634.621873903144,12.98590709856694,104410.52,106040.47329555127,102780.56670444873,0.0031621576462113055,0.003806885834016338,250.64939674449997
2025-05-31 07:00:00,1748674800000,103864.3,103864.3,103638.7,103761.3,151.73289416,103728.56000000001,103723.37,104304.85,105680.748,44.69952907452911,-592.5474219133903,-626.2069835051933,33.659561591803026,104304.85,105803.89477303818,102805.80522696183,-0.0009916785652047677,0.0054535676390645715,252.24662567299998
2025-05-31 08:00:00,1748678400000,103761.2,103822.2,103516.5,103660.0,118.46350818,103725.48000000001,103692.93000000001,104204.23,105595.95,31.275445099349696,-571.0854859121027,-615.1826839865753,44.097198074472544,104204.23,105582.02711148451,102826.43288851548,-0.0009762792100715956,-0.00014854054095758684,243.6256472135
2025-05-31 09:00:00,1748682000000,103660.0,103749.4,103480.0,103545.5,98.20887745,103673.6,103647.49,104106.905,105509.194,32.67729033077265,-556.8963852059096,-603.5254242304421,46.62903902453252,104106.905,105372.08014572579,102841.7298542742,-0.0011045726413274615,-0.0024989186444955847,235.5854780955
2025-05-31 10:00:00,1748685600000,103545.5,103617.9,103282.1,103415.3,93.95718832,103649.28,103593.24999999999,104010.465,105407.648,31.987818899350458,-549.8194956358639,-592.7842385115265,42.96474287566264,104010.465,105168.03289006045,102852.89710993954,-0.0012574182364274433,-0.0011744605063508384,219.838099723
2025-05-31 11:00:00,1748689200000,103415.4,103532.1,103305.1,103504.7,80.13337922,103577.36000000002,103596.68000000001,103908.76,105307.384,32.60146578801499,-530.8775508716208,-580.4029009835454,49.52535011192458,103908.76,104835.31996118861,102982.20003881138,0.0008644755659945602,-0.0034622098257053313,215.057501666
2025-05-31 12:00:00,1748692800000,103504.8,104036.1,103486.0,104036.1,181.93694919,103632.31999999999,103680.44,103915.48000000001,105213.10800000001,51.1532893678625,-467.59622608292557,-557.8415660034215,90.2453399204959,103915.48000000001,104843.77225570058,102987.18774429944,0.005134066375729773,0.0026483862480519704,176.08518969850002
2025-05-31 13:00:00,1748696400000,104036.1,104207.9,103986.4,104122.3,134.58031162,103724.78,103725.13,103912.82,105119.93,51.937199290959875,-405.81175537260424,-527.435603877258,121.62384850465378,103912.82,104838.27562400022,102987.3643759998,0.0008285585484268942,0.004459772332625844,167.09516401850001
2025-05-31 14:00:00,1748700000000,104122.4,104580.0,104121.9,104567.9,329.7719714,103929.26000000001,103801.43,103896.58499999999,105042.702,58.563970134171655,-317.23404466755164,-485.39529203531674,168.1612473677651,103896.58499999999,104758.90903061903,103034.26096938095,0.0042795827598889336,0.00987392016070232,172.7943754875
2025-05-31 15:00:00,1748703600000,104567.8,104850.5,104436.7,104554.2,208.76859336,104157.04,103903.16,103892.44999999998,104981.74600000001,67.54289414049867,-245.31322807853576,-437.3788792439605,192.06565116542475,103892.44999999998,104740.50191126729,103044.39808873268,-0.00013101534983483987,0.01101287720482369,173.5352520595
2025-05-31 16:00:00,1748707200000,104554.2,104795.3,104383.4,104490.0,131.36488558,104354.1,103965.73000000001,103888.22,104919.20800000001,72.41175858119608,-191.29078512870183,-388.1612604209088,196.87047529220695,103888.22,104722.68064925286,103053.75935074715,-0.0006140355911096185,0.0095193744825115,175.590765575
2025-05-31 17:00:00,1748710800000,104490.0,104634.0,104265.2,104352.9,71.64120021,104417.45999999999,104024.88999999998,103874.13,104865.586,63.328742868384815,-157.72230947633216,-342.0734702319935,184.35116075566134,103874.13,104663.835645624,103084.42435437601,-0.0013120872810795658,0.003045096846190809,174.2595746985
2025-05-31 18:00:00,1748714400000,104352.9,104630.1,104352.8,104495.6,36.68620683,104492.12,104108.45,103900.68999999999,104820.864,63.5182213175717,-118.24134070117725,-297.30704432583025,179.065703624653,103900.68999999999,104737.50525320323,103063.87474679675,0.001367475173186472,0.0035852070113702172,158.7484606565
2025-05-31 19:00:00,1748718000000,104495.7,104760.9,104495.7,104705.3,41.03006231,104519.6,104224.43,103935.95999999999,104788.70599999999,73.40169844576198,-69.23327297202195,-251.69229005506858,182.45901708304663,103935.95999999999,104846.58836234626,103025.33163765373,0.002006783060722217,0.0013139787640377154,146.56391255399998
2025-05-31 20:00:00,1748721600000,104705.9,104817.0,104536.8,104782.1,56.21773034,104565.18000000001,104361.11000000002,103977.18000000001,104767.67,70.43369845934637,-23.92115982012183,-206.13806400807923,182.2169041879574,103977.18000000001,104963.44435785375,102990.91564214627,0.0007334872255750913,0.0021797307042663583,136.19300319949997
2025-05-31 21:00:00,1748725200000,104782.1,104886.9,104642.7,104875.9,85.49419461,104642.36000000002,104498.23,104047.45499999999,104750.71800000001,74.91728516498247,19.335010421593324,-161.04344912214472,180.37845954373805,104047.45499999999,105080.84571221829,103014.06428778169,0.0008951910679400044,0.0036931763805148066,124.93473970350001
2025-05-31 22:00:00,1748728800000,104875.9,104907.5,104606.8,104622.9,52.58837659,104696.36,104556.91,104118.675,104719.45599999999,70.15869028179037,32.82249411845987,-122.2702604740238,155.0927545924837,104118.675,105100.7752540175,103136.5747459825,-0.0024123750070321748,0.0025873741889299584,115.5952794475
2025-05-31 23:00:00,1748732400000,104623.0,104848.3,104473.3,104596.8,142.57211646,104716.6,104604.36,104164.745,104682.314,72.85534153658881,40.93351417660597,-89.62950554389785,130.5630197205038,104164.745,105145.7365724163,103183.7534275837,-0.00024946737282172116,0.0009684618299716785,115.29107380650001
2025-06-01 00:00:00,1748736000000,104596.8,104647.3,104326.2,104458.5,84.11079015,104667.23999999999,104593.42000000001,104197.425,104652.87400000001,72.59965337954947,35.789344548713416,-64.54573552537559,100.335080074089,104197.425,105171.46489299815,103223.38510700186,-0.0013222201826442737,-0.002357091761353125,115.32227782049999
2025-06-01 01:00:00,1748739600000,104458.6,104530.0,103968.8,104132.7,153.566275,104537.36,104551.26999999999,104227.215,104623.806,62.34082691400726,5.3614128594781505,-50.564305848404835,55.925718707882986,104227.215,105151.36209531732,103303.06790468267,-0.0031189419721707745,-0.006197623449043399,117.929293949
2025-06-01 02:00:00,1748743200000,104132.6,104333.2,103926.4,104194.9,114.65757795,104401.16,104521.76,104243.745,104608.9,53.82613723978387,-13.577410121884895,-43.16692670310085,29.589516581215953,104243.745,105152.25441535212,103335.23558464787,0.000597314772400992,-0.006493388852920501,118.37415444649999
2025-06-01 03:00:00,1748746800000,104194.9,104466.3,103974.0,104380.2,95.11632489,104352.62,104524.48999999999,104274.69,104583.054,55.93064434530643,-13.479024597123498,-37.22934628190538,23.75032168478188,104274.69,105155.75566789991,103393.6243321001,0.0017783979830106045,-0.002319759823136258,115.543325983
2025-06-01 04:00:00,1748750400000,104380.3,104740.2,104357.8,104631.6,68.6072545,104359.57999999999,104538.09,104323.27,104555.506,51.60850462097903,6.806366046454059,-28.42220381623349,35.22856986268755,104323.27,105168.02533698373,103478.51466301628,0.0024085027620182053,0.0003327061630948869,113.050513299
2025-06-01 05:00:00,1748754000000,104631.7,104723.1,104445.6,104529.5,51.47317625,104373.78,104520.51000000001,104372.47,104525.57199999999,49.4029489968577,14.477183606170001,-19.84232633175279,34.31950993792279,104372.47,105137.33625483388,103607.60374516613,-0.0009758046326349135,0.0006796957643466772,110.71372823899999
2025-06-01 06:00:00,1748757600000,104529.5,104529.5,104189.7,104264.1,99.23356151,104400.06000000001,104468.70999999999,104414.91,104488.508,45.0235713971011,-0.8494087125727674,-16.043742807916786,15.194334095344018,104414.91,105037.02750759589,103792.79249240411,-0.002538996168545693,0.0012618514645257317,110.97754689849998
2025-06-01 07:00:00,1748761200000,104264.2,104384.7,104203.6,104284.5,41.79633826,104417.98000000001,104409.57,104453.9,104452.63,48.41151881096158,-11.220392339091632,-15.079072714151755,3.858680375060123,104453.9,104911.93092057711,103995.86907942288,0.00019565699027745964,0.0008599269254061515,109.0606948505
2025-06-01 08:00:00,1748764800000,104284.6,104400.0,104216.7,104394.9,77.67192518,104420.92000000001,104386.76999999999,104471.84,104426.31199999999,47.62578393926504,-10.41110153713089,-14.145478478747583,3.734376941616693,104471.84,104887.07635069871,104056.60364930128,0.0010586424636451763,0.0001408313070869749,103.84744364999999
2025-06-01 09:00:00,1748768400000,104395.6,104481.0,103738.3,103958.0,946.54896672,104286.2,104322.88999999998,104463.625,104404.84199999999,34.08577878103819,-44.51081840659026,-20.21854646431612,-24.29227194227414,104463.625,104913.07014037282,104014.17985962718,-0.004185070343474595,-0.006437825666433472,144.44587640499998
2025-06-01 10:00:00,1748772000000,103958.0,104058.3,103780.0,103939.9,241.56809052,104168.28,104271.03,104432.225,104380.26400000001,31.604927485584085,-72.16374964693387,-30.607587100839673,-41.55616254609419,104432.225,104935.51937602814,103928.93062397187,-0.00017410877469747899,-0.005640512965239486,140.035682361
2025-06-01 11:00:00,1748775600000,103939.9,104150.0,103847.2,104084.3,55.83497054,104132.32,104266.19,104408.73000000001,104349.396,33.08402427557931,-81.48768438509433,-40.78360655769061,-40.704077827403715,104408.73000000001,104931.54292658532,103885.9170734147,0.0013892643729693788,-0.001724467002544583,132.38900122
2025-06-01 12:00:00,1748779200000,104084.4,104187.9,103768.8,103965.4,68.03084978,104068.49999999999,104243.24,104382.5,104310.354,35.09543455592336,-97.34902716281067,-52.09669067871464,-45.252336484096034,104382.5,104939.6562872437,103825.3437127563,-0.0011423432736734629,-0.003059898642655434,129.22229942999996
2025-06-01 13:00:00,1748782800000,103965.4,104436.6,103950.0,104266.4,78.97500866,104042.8,104231.86,104378.175,104278.188,43.340320890107115,-84.65521849127254,-58.608396241226224,-26.04682225004631,104378.175,104937.63692146837,103818.71307853164,0.002895193977996424,-0.0012309030421984168,129.5889898525
2025-06-01 14:00:00,1748786400000,104266.4,104778.1,104266.4,104600.9,111.22838481,104171.37999999999,104228.79000000001,104383.44,104256.758,52.659892408846254,-47.06143428177165,-56.299003849335314,9.23756956756366,104383.44,104949.49787094368,103817.38212905632,0.003208128409535549,0.006184228246022272,133.3160987515
2025-06-01 15:00:00,1748790000000,104601.0,104808.0,104500.8,104711.9,114.76357497,104325.78,104247.03,104383.76999999999,104241.156,61.76279447603561,-8.216601249339874,-46.68252332933623,38.46592207999635,104383.76999999999,104950.62505842083,103816.91494157915,0.0010611763378709504,0.00742736908540409,137.0027743845
2025-06-01 16:00:00,1748793600000,104712.0,105299.9,104648.9,105031.7,287.18644739,104515.25999999998,104323.79,104396.25,104234.908,65.38461538461533,47.822132334666094,-27.78159219653576,75.60372453120186,104396.25,105009.15054314189,103783.34945685811,0.0030540941382974918,0.009102237321094497,148.551210237
2025-06-01 17:00:00,1748797200000,105031.8,105199.5,104974.6,105068.3,68.4493908,104735.84,104402.17,104405.87,104225.49799999999,63.382473063907575,94.10179958865047,-3.404913839498509,97.50671342814897,104405.87,105055.41393749075,103756.32606250924,0.0003484662249588766,0.010608337004426538,147.6989700465
2025-06-01 18:00:00,1748800800000,105066.4,105072.4,104333.5,104897.7,134.17596003,104862.1,104452.45,104419.61,104245.41799999999,55.34315890928053,115.67929616097535,20.411928160596272,95.26736800037908,104419.61,105099.40544569978,103739.81455430022,-0.0016237057228488672,0.006054683004304451,151.77834921849998
